﻿<?xml version="1.0" encoding="utf-8"?>
<deployment>
  <id>1767a73a-da88-471f-9a00-6737116629bb</id>
  <author>N/A</author>
  <deployer>Push-Deployer</deployer>
  <authorEmail>N/A</authorEmail>
  <message>Created via a push deployment</message>
  <progress></progress>
  <status>Success</status>
  <statusText></statusText>
  <lastSuccessEndTime>2025-10-21T18:27:32.2104043Z</lastSuccessEndTime>
  <receivedTime>2025-10-21T18:27:10.6228864Z</receivedTime>
  <startTime>2025-10-21T18:27:12.2325573Z</startTime>
  <endTime>2025-10-21T18:27:32.2104043Z</endTime>
  <complete>True</complete>
  <is_temp>False</is_temp>
  <is_readonly>True</is_readonly>
  <buildSummary />
</deployment>