﻿<?xml version="1.0" encoding="utf-8"?>
<deployment>
  <id>78a23361-d7ef-4594-9012-58b4d10f73c9</id>
  <author>N/A</author>
  <deployer>Push-Deployer</deployer>
  <authorEmail>N/A</authorEmail>
  <message>Created via a push deployment</message>
  <progress></progress>
  <status>Success</status>
  <statusText></statusText>
  <lastSuccessEndTime>2025-10-21T13:42:30.3849085Z</lastSuccessEndTime>
  <receivedTime>2025-10-21T13:42:00.5082267Z</receivedTime>
  <startTime>2025-10-21T13:42:01.9969158Z</startTime>
  <endTime>2025-10-21T13:42:30.3849085Z</endTime>
  <complete>True</complete>
  <is_temp>False</is_temp>
  <is_readonly>True</is_readonly>
  <buildSummary />
</deployment>