<step title="BackgroundTrace" date="2025-10-21T15:59:53.608" instance="c8e42a" url="/api/zipdeploy" method="POST" >
  <step title="Creating temporary deployment - FetchDeploymentManager" date="2025-10-21T15:59:53.731" /><!-- duration: 1ms -->
  <step title="Creating temporary deployment" date="2025-10-21T15:59:53.737" /><!-- duration: 149ms -->
  <step title="Performing fetch based deployment" date="2025-10-21T15:59:53.929" >
    <step title="Cleaning up temp folders from previous zip deployments and extracting pushed zip file /tmp/zipdeploy/87e78fcf-2346-4aea-9dd9-efad05c584cc.zip (8.11 MB) to /tmp/zipdeploy/extracted" date="2025-10-21T15:59:55.160" >
      <step title="ChmodRecursive Process exited with total time taken in ms: 129" date="2025-10-21T15:59:57.907" /><!-- duration: 4ms -->
    </step><!-- duration: 2754ms -->
    <step title="Deployment timer started" date="2025-10-21T15:59:59.967" >
      <step title="DeploymentManager.Deploy(id:a0a40a9c-40a5-447e-9928-8bccf2028d94)" date="2025-10-21T15:59:59.988" >
        <step title="Collecting changeset information" date="2025-10-21T16:00:00.077" /><!-- duration: 354ms -->
        <step title="Updating submodules" date="2025-10-21T16:00:00.452" /><!-- duration: 1244ms -->
        <step title="Determining deployment builder" date="2025-10-21T16:00:02.611" >
          <step title="Builder is BasicBuilder" date="2025-10-21T16:00:02.673" /><!-- duration: 19ms -->
        </step><!-- duration: 121ms -->
        <step title="PreDeployment: context.CleanOutputPath False" date="2025-10-21T16:00:03.195" >
          <step title="PreDeployment: context.OutputPath /home/site/wwwroot" date="2025-10-21T16:00:03.434" >
            <step title="Building" date="2025-10-21T16:00:03.707" >
              <step title="Executing external process" date="2025-10-21T16:00:05.265" type="process" path="starter.sh" arguments="/opt/Kudu/Scripts/absoluteTar.sh /tmp/zipdeploy/extracted/node_modules /tmp/zipdeploy/extracted/node_modules.tar.gz" /><!-- duration: 5929ms -->
              <step title="Executing external process" date="2025-10-21T16:00:11.461" type="process" path="starter.sh" arguments="/opt/Kudu/Scripts/parallel_rsync.sh /tmp/zipdeploy/extracted /home/site/wwwroot 8 /tmp/ False True node_modules " /><!-- duration: 8097ms -->
              <step title="Triggering recycle (preview mode disabled)." date="2025-10-21T16:00:20.246" /><!-- duration: 9ms -->
              <step title="Modified file to trigger a restart of the app container." date="2025-10-21T16:00:20.297" /><!-- duration: 1ms -->
              <step title="Skip function trigger and logicapp sync because function is not enabled." date="2025-10-21T16:00:20.302" /><!-- duration: 4ms -->
            </step><!-- duration: 17305ms -->
          </step><!-- duration: 17582ms -->
          <step title="Cleaning up temp files" date="2025-10-21T16:00:21.017" /><!-- duration: 3ms -->
          <step title="Cleaning up temp files" date="2025-10-21T16:00:21.045" /><!-- duration: 511ms -->
          <step title="Reloading status file with latest updates" date="2025-10-21T16:00:21.575" >
            <step title="WebHooksManager.PublishEventAsync: PostDeployment" date="2025-10-21T16:00:21.581" /><!-- duration: 87ms -->
          </step><!-- duration: 94ms -->
          <step title="Cleaning up temporary deployment - fetch deployment was successful" date="2025-10-21T16:00:21.673" /><!-- duration: 1ms -->
        </step><!-- duration: 18544ms -->
      </step><!-- duration: 21757ms -->
