<step title="BackgroundTrace" date="2025-10-21T18:05:31.471" instance="c8e42a" url="/api/zipdeploy" method="POST" >
  <step title="Creating temporary deployment - FetchDeploymentManager" date="2025-10-21T18:05:31.568" /><!-- duration: 1ms -->
  <step title="Creating temporary deployment" date="2025-10-21T18:05:31.571" /><!-- duration: 103ms -->
  <step title="Performing fetch based deployment" date="2025-10-21T18:05:31.730" >
    <step title="Cleaning up temp folders from previous zip deployments and extracting pushed zip file /tmp/zipdeploy/dab4607b-4054-4d95-bb0b-613f6fa8a5ff.zip (8.11 MB) to /tmp/zipdeploy/extracted" date="2025-10-21T18:05:32.909" >
      <step title="ChmodRecursive Process exited with total time taken in ms: 104" date="2025-10-21T18:05:35.501" /><!-- duration: 3ms -->
    </step><!-- duration: 2603ms -->
    <step title="Deployment timer started" date="2025-10-21T18:05:37.535" >
      <step title="DeploymentManager.Deploy(id:8a716084-39de-4775-9b37-0de7d24af04e)" date="2025-10-21T18:05:37.544" >
        <step title="Collecting changeset information" date="2025-10-21T18:05:37.584" /><!-- duration: 126ms -->
        <step title="Updating submodules" date="2025-10-21T18:05:37.713" /><!-- duration: 1111ms -->
        <step title="Determining deployment builder" date="2025-10-21T18:05:39.093" >
          <step title="Builder is BasicBuilder" date="2025-10-21T18:05:39.108" /><!-- duration: 11ms -->
        </step><!-- duration: 28ms -->
        <step title="PreDeployment: context.CleanOutputPath False" date="2025-10-21T18:05:39.184" >
          <step title="PreDeployment: context.OutputPath /home/site/wwwroot" date="2025-10-21T18:05:39.294" >
            <step title="Building" date="2025-10-21T18:05:39.448" >
              <step title="Executing external process" date="2025-10-21T18:05:40.225" type="process" path="starter.sh" arguments="/opt/Kudu/Scripts/absoluteTar.sh /tmp/zipdeploy/extracted/node_modules /tmp/zipdeploy/extracted/node_modules.tar.gz" /><!-- duration: 2922ms -->
              <step title="Executing external process" date="2025-10-21T18:05:43.393" type="process" path="starter.sh" arguments="/opt/Kudu/Scripts/parallel_rsync.sh /tmp/zipdeploy/extracted /home/site/wwwroot 8 /tmp/ False True node_modules " /><!-- duration: 7162ms -->
              <step title="Triggering recycle (preview mode disabled)." date="2025-10-21T18:05:51.179" /><!-- duration: 4ms -->
              <step title="Modified file to trigger a restart of the app container." date="2025-10-21T18:05:51.214" /><!-- duration: 1ms -->
              <step title="Skip function trigger and logicapp sync because function is not enabled." date="2025-10-21T18:05:51.223" /><!-- duration: 9ms -->
            </step><!-- duration: 12516ms -->
          </step><!-- duration: 12673ms -->
          <step title="Cleaning up temp files" date="2025-10-21T18:05:51.968" /><!-- duration: 3ms -->
          <step title="Cleaning up temp files" date="2025-10-21T18:05:51.979" /><!-- duration: 561ms -->
          <step title="Reloading status file with latest updates" date="2025-10-21T18:05:52.559" >
            <step title="WebHooksManager.PublishEventAsync: PostDeployment" date="2025-10-21T18:05:52.562" /><!-- duration: 82ms -->
          </step><!-- duration: 87ms -->
          <step title="Cleaning up temporary deployment - fetch deployment was successful" date="2025-10-21T18:05:52.648" /><!-- duration: 2ms -->
        </step><!-- duration: 13523ms -->
      </step><!-- duration: 15169ms -->
