<step title="Incoming Request" date="2025-10-19T15:58:58.923" instance="c8e42a" url="/api/zipdeploy?author=ms-azuretools-vscode&amp;deployer=ms-azuretools-vscode&amp;isAsync=true&amp;trackDeploymentId=true" method="POST" type="request" pid="821,1,69" Host="pryysm-v2-dyfqbdd3g4gycnee.scm.uaenorth-01.azurewebsites.net" User-Agent="vscode-azureappservice/0.26.4 core-rest-pipeline/1.20.0 Node/22.19.0 OS/(x64-Windows_NT-10.0.26200)" Accept-Encoding="gzip,deflate" Accept-Language="en" Authorization="Bea..." Transfer-Encoding="chunked" x-ms-correlation-request-id="f4672290-256e-40cd-9e3c-6a55cc547df5" x-ms-client-request-id="ec4e23f2-79e8-479a-af99-329e75f02283" X-ARR-LOG-ID="ec4e23f2-79e8-479a-af99-329e75f02283" CLIENT-IP="5.31.186.142:44240" X-SITE-DEPLOYMENT-ID="PRYYSM-V2" WAS-DEFAULT-HOSTNAME="pryysm-v2-dyfqbdd3g4gycnee.scm.uaenorth-01.azurewebsites.net" X-Forwarded-Proto="https" X-AppService-Proto="https" X-Forwarded-TlsVersion="1.3" X-WAWS-Unencoded-URL="/api/zipdeploy?author=ms-azuretools-vscode&amp;deployer=ms-azuretools-vscode&amp;isAsync=true&amp;trackDeploymentId=true" X-Client-IP="5.31.186.142" X-Client-Port="44240" >
  <step title="Cleanup Xml Logs" date="2025-10-19T15:58:58.943" /><!-- duration: 10ms -->
  <step title="ZipPushDeploy" date="2025-10-19T15:58:59.322" >
    <step title="ZipDeploy. Extract zip." date="2025-10-19T15:58:59.340" /><!-- duration: 2ms -->
    <step title="None repository commit" date="2025-10-19T15:58:59.367" >
      <step title="Commit id: c2062578-01d9-47c8-bea6-5a4421fa35ce" date="2025-10-19T15:58:59.370" Message="N/A" AuthorName="N/A" AuthorEmail="N/A" /><!-- duration: 2ms -->
    </step><!-- duration: 7ms -->
    <step title="Starting PushDeployAsync" date="2025-10-19T15:58:59.378" /><!-- duration: 2ms -->
    <step title="Writing artifact to /tmp/zipdeploy/f6c0cb18-96dc-445c-adc4-f0e729014b60.zip" date="2025-10-19T15:58:59.438" >
      <step title="Writing multipart request body to /tmp/zipdeploy/f6c0cb18-96dc-445c-adc4-f0e729014b60.zip" date="2025-10-19T15:58:59.492" /><!-- duration: 2ms -->
      <step title="Error occurred" date="2025-10-19T16:11:34.665" type="error" text="Exception in copying zip file to temp path. Exception: Microsoft.AspNetCore.Server.Kestrel.Core.BadHttpRequestException: Unexpected end of request content.
   at Microsoft.AspNetCore.Server.Kestrel.Core.Internal.Http.Http1ChunkedEncodingMessageBody.PumpAsync()
   at System.IO.Pipelines.Pipe.GetReadResult(ReadResult&amp; result)
   at System.IO.Pipelines.Pipe.GetReadAsyncResult()
   at Microsoft.AspNetCore.Server.Kestrel.Core.Internal.Http.Http1ChunkedEncodingMessageBody.ReadAsyncInternal(CancellationToken cancellationToken)
   at System.IO.Pipelines.PipeReader.CopyToAsyncCore[TStream](TStream destination, Func`4 writeAsync, CancellationToken cancellationToken)
   at Kudu.Services.Deployment.PushDeploymentController.CopyZipFromRequestBody(String artifactTempPath, ITracer tracer) in /tmp/KuduLite/Kudu.Services/Deployment/PushDeploymentController.cs:line 1473: Unexpected end of request content." stackTrace="   at Microsoft.AspNetCore.Server.Kestrel.Core.Internal.Http.Http1ChunkedEncodingMessageBody.PumpAsync()
   at System.IO.Pipelines.Pipe.GetReadResult(ReadResult&amp; result)
   at System.IO.Pipelines.Pipe.GetReadAsyncResult()
   at Microsoft.AspNetCore.Server.Kestrel.Core.Internal.Http.Http1ChunkedEncodingMessageBody.ReadAsyncInternal(CancellationToken cancellationToken)
   at System.IO.Pipelines.PipeReader.CopyToAsyncCore[TStream](TStream destination, Func`4 writeAsync, CancellationToken cancellationToken)
   at Kudu.Services.Deployment.PushDeploymentController.CopyZipFromRequestBody(String artifactTempPath, ITracer tracer) in /tmp/KuduLite/Kudu.Services/Deployment/PushDeploymentController.cs:line 1473" /><!-- duration: 4ms -->
    </step><!-- duration: 755295ms -->
    <step title="Error occurred" date="2025-10-19T16:11:34.736" type="error" text="Request was Aborted. Deployment was cancelled" /><!-- duration: 7ms -->
  </step><!-- duration: 755430ms -->
  <step title="Outgoing response" date="2025-10-19T16:11:34.808" type="response" statusCode="499" statusText="499" /><!-- duration: 2ms -->
</step><!-- duration: 755891ms -->
