<step title="BackgroundTrace" date="2025-10-21T13:41:52.059" instance="c8e42a" url="/api/zipdeploy" method="POST" >
  <step title="Creating temporary deployment - FetchDeploymentManager" date="2025-10-21T13:41:52.337" /><!-- duration: 2ms -->
  <step title="Creating temporary deployment" date="2025-10-21T13:41:52.343" /><!-- duration: 143ms -->
  <step title="Performing fetch based deployment" date="2025-10-21T13:41:52.569" >
    <step title="Cleaning up temp folders from previous zip deployments and extracting pushed zip file /tmp/zipdeploy/9e6b683a-1b34-4de7-a97f-f7a08693eeb5.zip (8.11 MB) to /tmp/zipdeploy/extracted" date="2025-10-21T13:41:53.889" >
      <step title="ChmodRecursive Process exited with total time taken in ms: 942" date="2025-10-21T13:41:58.265" /><!-- duration: 21ms -->
    </step><!-- duration: 4417ms -->
    <step title="Deployment timer started" date="2025-10-21T13:42:00.390" >
      <step title="DeploymentManager.Deploy(id:78a23361-d7ef-4594-9012-58b4d10f73c9)" date="2025-10-21T13:42:00.411" >
        <step title="Collecting changeset information" date="2025-10-21T13:42:00.437" /><!-- duration: 117ms -->
        <step title="Updating submodules" date="2025-10-21T13:42:00.559" /><!-- duration: 1145ms -->
        <step title="Determining deployment builder" date="2025-10-21T13:42:02.095" >
          <step title="Builder is BasicBuilder" date="2025-10-21T13:42:02.156" /><!-- duration: 9ms -->
        </step><!-- duration: 71ms -->
        <step title="PreDeployment: context.CleanOutputPath False" date="2025-10-21T13:42:02.298" >
          <step title="PreDeployment: context.OutputPath /home/site/wwwroot" date="2025-10-21T13:42:02.507" >
            <step title="Building" date="2025-10-21T13:42:02.790" >
              <step title="Executing external process" date="2025-10-21T13:42:03.865" type="process" path="starter.sh" arguments="/opt/Kudu/Scripts/absoluteTar.sh /tmp/zipdeploy/extracted/node_modules /tmp/zipdeploy/extracted/node_modules.tar.gz" /><!-- duration: 5105ms -->
              <step title="Executing external process" date="2025-10-21T13:42:09.189" type="process" path="starter.sh" arguments="/opt/Kudu/Scripts/parallel_rsync.sh /tmp/zipdeploy/extracted /home/site/wwwroot 8 /tmp/ False True node_modules " /><!-- duration: 19035ms -->
              <step title="Triggering recycle (preview mode disabled)." date="2025-10-21T13:42:29.722" /><!-- duration: 28ms -->
              <step title="Modified file to trigger a restart of the app container." date="2025-10-21T13:42:29.810" /><!-- duration: 52ms -->
              <step title="Skip function trigger and logicapp sync because function is not enabled." date="2025-10-21T13:42:29.872" /><!-- duration: 10ms -->
            </step><!-- duration: 28124ms -->
          </step><!-- duration: 28429ms -->
          <step title="Cleaning up temp files" date="2025-10-21T13:42:30.937" /><!-- duration: 11ms -->
          <step title="Cleaning up temp files" date="2025-10-21T13:42:30.968" /><!-- duration: 521ms -->
          <step title="Reloading status file with latest updates" date="2025-10-21T13:42:31.559" >
            <step title="WebHooksManager.PublishEventAsync: PostDeployment" date="2025-10-21T13:42:31.640" /><!-- duration: 290ms -->
          </step><!-- duration: 374ms -->
          <step title="Cleaning up temporary deployment - fetch deployment was successful" date="2025-10-21T13:42:31.941" /><!-- duration: 2ms -->
        </step><!-- duration: 29709ms -->
      </step><!-- duration: 31618ms -->
