<step title="Incoming Request" date="2025-10-21T18:05:30.529" instance="c8e42a" url="/api/zipdeploy?isAsync=true" method="POST" type="request" pid="821,1,38" Accept="*/*" Host="pryysm-v2-dyfqbdd3g4gycnee.scm.uaenorth-01.azurewebsites.net" User-Agent="AZURECLI/2.77.0 (DEB)" Accept-Encoding="gzip, deflate" Authorization="Bea..." Cache-Control="no-cache" Content-Type="application/octet-stream" Content-Length="8498863" x-ms-client-request-id="814ef532-aea8-11f0-a35e-6045bdb3ae70" x-ms-artifact-checksum="aab816d112988a95938d88b4d13168e2cc9f7982d87f2810cfe647807cb63068" X-ARR-LOG-ID="814ef532-aea8-11f0-a35e-6045bdb3ae70" CLIENT-IP="20.161.77.167:15360" X-SITE-DEPLOYMENT-ID="PRYYSM-V2" WAS-DEFAULT-HOSTNAME="pryysm-v2-dyfqbdd3g4gycnee.scm.uaenorth-01.azurewebsites.net" X-Forwarded-Proto="https" X-AppService-Proto="https" X-Forwarded-TlsVersion="1.3" X-WAWS-Unencoded-URL="/api/zipdeploy?isAsync=true" X-Client-IP="20.161.77.167" X-Client-Port="15360" >
  <step title="Cleanup Xml Logs" date="2025-10-21T18:05:30.534" /><!-- duration: 10ms -->
  <step title="ZipPushDeploy" date="2025-10-21T18:05:30.678" >
    <step title="ZipDeploy. Extract zip." date="2025-10-21T18:05:30.689" /><!-- duration: 9ms -->
    <step title="None repository commit" date="2025-10-21T18:05:30.718" >
      <step title="Commit id: 8a716084-39de-4775-9b37-0de7d24af04e" date="2025-10-21T18:05:30.720" Message="N/A" AuthorName="N/A" AuthorEmail="N/A" /><!-- duration: 6ms -->
    </step><!-- duration: 10ms -->
    <step title="Starting PushDeployAsync" date="2025-10-21T18:05:30.729" /><!-- duration: 1ms -->
    <step title="Removing node_modules symlink" date="2025-10-21T18:05:30.768" >
      <step title="Removing _del_node_modules symlink" date="2025-10-21T18:05:30.948" >
        <step title="Writing artifact to /tmp/zipdeploy/dab4607b-4054-4d95-bb0b-613f6fa8a5ff.zip" date="2025-10-21T18:05:31.007" >
          <step title="Writing multipart request body to /tmp/zipdeploy/dab4607b-4054-4d95-bb0b-613f6fa8a5ff.zip" date="2025-10-21T18:05:31.017" /><!-- duration: 12ms -->
        </step><!-- duration: 433ms -->
        <step title="Removing previous build artifact&apos;s manifest file" date="2025-10-21T18:05:31.444" >
          <step title="Start deployment in the background" date="2025-10-21T18:05:31.463" >
            <step title="Acquiring Deployment Lock" date="2025-10-21T18:05:31.494" /><!-- duration: 8ms -->
            <step title="Acquired Deployment Lock" date="2025-10-21T18:05:31.564" /><!-- duration: 2ms -->
          </step><!-- duration: 213ms -->
        </step><!-- duration: 241ms -->
        <step title="Outgoing response" date="2025-10-21T18:05:31.696" type="response" statusCode="202" statusText="Accepted" /><!-- duration: 2ms -->
      </step><!-- duration: 751ms -->
