<step title="Incoming Request" date="2025-10-21T13:41:51.199" instance="c8e42a" url="/api/zipdeploy?isAsync=true" method="POST" type="request" pid="821,1,84" Accept="*/*" Host="pryysm-v2-dyfqbdd3g4gycnee.scm.uaenorth-01.azurewebsites.net" User-Agent="AZURECLI/2.77.0 (DEB)" Accept-Encoding="gzip, deflate" Authorization="Bea..." Cache-Control="no-cache" Content-Type="application/octet-stream" Content-Length="8499603" x-ms-client-request-id="ad63c424-ae83-11f0-a35e-7ced8d3c56f7" x-ms-artifact-checksum="da610377283cf1d8c0d88d1aa2edffc0b5fc78a7a76621326e446868228dffe2" X-ARR-LOG-ID="ad63c424-ae83-11f0-a35e-7ced8d3c56f7" CLIENT-IP="172.184.209.176:35776" X-SITE-DEPLOYMENT-ID="PRYYSM-V2" WAS-DEFAULT-HOSTNAME="pryysm-v2-dyfqbdd3g4gycnee.scm.uaenorth-01.azurewebsites.net" X-Forwarded-Proto="https" X-AppService-Proto="https" X-Forwarded-TlsVersion="1.3" X-WAWS-Unencoded-URL="/api/zipdeploy?isAsync=true" X-Client-IP="172.184.209.176" X-Client-Port="35776" >
  <step title="Cleanup Xml Logs" date="2025-10-21T13:41:51.225" /><!-- duration: 11ms -->
  <step title="ZipPushDeploy" date="2025-10-21T13:41:51.345" >
    <step title="ZipDeploy. Extract zip." date="2025-10-21T13:41:51.354" /><!-- duration: 2ms -->
    <step title="Starting PushDeployAsync" date="2025-10-21T13:41:51.360" /><!-- duration: 2ms -->
    <step title="Writing artifact to /tmp/zipdeploy/9e6b683a-1b34-4de7-a97f-f7a08693eeb5.zip" date="2025-10-21T13:41:51.390" >
      <step title="Writing multipart request body to /tmp/zipdeploy/9e6b683a-1b34-4de7-a97f-f7a08693eeb5.zip" date="2025-10-21T13:41:51.448" /><!-- duration: 2ms -->
    </step><!-- duration: 447ms -->
    <step title="Start deployment in the background" date="2025-10-21T13:41:52.047" >
      <step title="Acquiring Deployment Lock" date="2025-10-21T13:41:52.081" /><!-- duration: 4ms -->
      <step title="Acquired Deployment Lock" date="2025-10-21T13:41:52.332" /><!-- duration: 3ms -->
    </step><!-- duration: 443ms -->
  </step><!-- duration: 1188ms -->
  <step title="Outgoing response" date="2025-10-21T13:41:52.547" type="response" statusCode="202" statusText="Accepted" /><!-- duration: 2ms -->
</step><!-- duration: 1351ms -->
