﻿<?xml version="1.0" encoding="utf-8"?>
<deployment>
  <id>779ed40d-80c1-48a8-bd8e-ccbb2431ed84</id>
  <author>N/A</author>
  <deployer>Push-Deployer</deployer>
  <authorEmail>N/A</authorEmail>
  <message>Created via a push deployment</message>
  <progress></progress>
  <status>Success</status>
  <statusText></statusText>
  <lastSuccessEndTime>2025-10-22T04:21:17.7543603Z</lastSuccessEndTime>
  <receivedTime>2025-10-22T04:21:02.5420749Z</receivedTime>
  <startTime>2025-10-22T04:21:03.9123779Z</startTime>
  <endTime>2025-10-22T04:21:17.7543603Z</endTime>
  <complete>True</complete>
  <is_temp>False</is_temp>
  <is_readonly>True</is_readonly>
  <buildSummary />
</deployment>