﻿<?xml version="1.0" encoding="utf-8"?>
<deployment>
  <id>07a3ccb9-d3b4-40a9-afd1-c47cf9d529ab</id>
  <author>N/A</author>
  <deployer>Push-Deployer</deployer>
  <authorEmail>N/A</authorEmail>
  <message>Created via a push deployment</message>
  <progress></progress>
  <status>Success</status>
  <statusText></statusText>
  <lastSuccessEndTime>2025-10-22T04:14:00.8314534Z</lastSuccessEndTime>
  <receivedTime>2025-10-22T04:13:42.2362559Z</receivedTime>
  <startTime>2025-10-22T04:13:43.9246479Z</startTime>
  <endTime>2025-10-22T04:14:00.8314534Z</endTime>
  <complete>True</complete>
  <is_temp>False</is_temp>
  <is_readonly>True</is_readonly>
  <buildSummary />
</deployment>