﻿<?xml version="1.0" encoding="utf-8"?>
<deployment>
  <id>8a8f70a1-0f73-4ad4-862a-1029f7ea78e1</id>
  <author>N/A</author>
  <deployer>Push-Deployer</deployer>
  <authorEmail>N/A</authorEmail>
  <message>Created via a push deployment</message>
  <progress></progress>
  <status>Success</status>
  <statusText></statusText>
  <lastSuccessEndTime>2025-10-22T04:32:45.7043473Z</lastSuccessEndTime>
  <receivedTime>2025-10-22T04:32:28.6026087Z</receivedTime>
  <startTime>2025-10-22T04:32:30.0282067Z</startTime>
  <endTime>2025-10-22T04:32:45.7043473Z</endTime>
  <complete>True</complete>
  <is_temp>False</is_temp>
  <is_readonly>True</is_readonly>
  <buildSummary />
</deployment>