<step title="Incoming Request" date="2025-10-21T18:17:38.080" instance="c8e42a" url="/api/zipdeploy?isAsync=true" method="POST" type="request" pid="821,1,31" Accept="*/*" Host="pryysm-v2-dyfqbdd3g4gycnee.scm.uaenorth-01.azurewebsites.net" User-Agent="AZURECLI/2.77.0 (DEB)" Accept-Encoding="gzip, deflate" Authorization="Bea..." Cache-Control="no-cache" Content-Type="application/octet-stream" Content-Length="8498909" x-ms-client-request-id="31816d76-aeaa-11f0-a35e-7ced8d3d10df" x-ms-artifact-checksum="26a016cf759b337c1c68d200a6b2be8513b9ada5d8b9e25b9527395339a7aae1" X-ARR-LOG-ID="31816d76-aeaa-11f0-a35e-7ced8d3d10df" CLIENT-IP="52.225.25.106:45056" X-SITE-DEPLOYMENT-ID="PRYYSM-V2" WAS-DEFAULT-HOSTNAME="pryysm-v2-dyfqbdd3g4gycnee.scm.uaenorth-01.azurewebsites.net" X-Forwarded-Proto="https" X-AppService-Proto="https" X-Forwarded-TlsVersion="1.3" X-WAWS-Unencoded-URL="/api/zipdeploy?isAsync=true" X-Client-IP="52.225.25.106" X-Client-Port="45056" >
  <step title="Cleanup Xml Logs" date="2025-10-21T18:17:38.086" /><!-- duration: 3ms -->
  <step title="ZipPushDeploy" date="2025-10-21T18:17:38.113" >
    <step title="ZipDeploy. Extract zip." date="2025-10-21T18:17:38.128" /><!-- duration: 1ms -->
    <step title="Starting PushDeployAsync" date="2025-10-21T18:17:38.132" /><!-- duration: 1ms -->
    <step title="Removing node_modules symlink" date="2025-10-21T18:17:38.139" >
      <step title="Removing _del_node_modules symlink" date="2025-10-21T18:17:38.239" >
        <step title="Writing artifact to /tmp/zipdeploy/1365b954-df69-4d65-bed7-21338b33e089.zip" date="2025-10-21T18:17:38.299" >
          <step title="Writing multipart request body to /tmp/zipdeploy/1365b954-df69-4d65-bed7-21338b33e089.zip" date="2025-10-21T18:17:38.342" /><!-- duration: 10ms -->
        </step><!-- duration: 343ms -->
        <step title="Removing previous build artifact&apos;s manifest file" date="2025-10-21T18:17:38.644" >
          <step title="Start deployment in the background" date="2025-10-21T18:17:38.663" >
            <step title="Acquiring Deployment Lock" date="2025-10-21T18:17:38.704" /><!-- duration: 1ms -->
            <step title="Acquired Deployment Lock" date="2025-10-21T18:17:38.731" /><!-- duration: 2ms -->
          </step><!-- duration: 164ms -->
        </step><!-- duration: 193ms -->
        <step title="Outgoing response" date="2025-10-21T18:17:38.852" type="response" statusCode="202" statusText="Accepted" /><!-- duration: 10ms -->
      </step><!-- duration: 625ms -->
