<step title="BackgroundTrace" date="2025-10-21T18:27:03.200" instance="c8e42a" url="/api/zipdeploy" method="POST" >
  <step title="Creating temporary deployment - FetchDeploymentManager" date="2025-10-21T18:27:03.261" /><!-- duration: 1ms -->
  <step title="Creating temporary deployment" date="2025-10-21T18:27:03.265" /><!-- duration: 80ms -->
  <step title="Performing fetch based deployment" date="2025-10-21T18:27:03.376" >
    <step title="Cleaning up temp folders from previous zip deployments and extracting pushed zip file /tmp/zipdeploy/323ff9aa-c331-4472-94b6-8c7b59edc375.zip (8.11 MB) to /tmp/zipdeploy/extracted" date="2025-10-21T18:27:04.543" >
      <step title="ChmodRecursive Process exited with total time taken in ms: 189" date="2025-10-21T18:27:08.386" /><!-- duration: 10ms -->
    </step><!-- duration: 3862ms -->
    <step title="Deployment timer started" date="2025-10-21T18:27:10.472" >
      <step title="DeploymentManager.Deploy(id:1767a73a-da88-471f-9a00-6737116629bb)" date="2025-10-21T18:27:10.476" >
        <step title="Collecting changeset information" date="2025-10-21T18:27:10.522" /><!-- duration: 192ms -->
        <step title="Updating submodules" date="2025-10-21T18:27:10.774" /><!-- duration: 1166ms -->
        <step title="Determining deployment builder" date="2025-10-21T18:27:12.362" >
          <step title="Builder is BasicBuilder" date="2025-10-21T18:27:12.433" /><!-- duration: 30ms -->
        </step><!-- duration: 119ms -->
        <step title="PreDeployment: context.CleanOutputPath False" date="2025-10-21T18:27:12.624" >
          <step title="PreDeployment: context.OutputPath /home/site/wwwroot" date="2025-10-21T18:27:12.822" >
            <step title="Building" date="2025-10-21T18:27:13.046" >
              <step title="Executing external process" date="2025-10-21T18:27:13.965" type="process" path="starter.sh" arguments="/opt/Kudu/Scripts/absoluteTar.sh /tmp/zipdeploy/extracted/node_modules /tmp/zipdeploy/extracted/node_modules.tar.gz" /><!-- duration: 7155ms -->
              <step title="Executing external process" date="2025-10-21T18:27:21.682" type="process" path="starter.sh" arguments="/opt/Kudu/Scripts/parallel_rsync.sh /tmp/zipdeploy/extracted /home/site/wwwroot 8 /tmp/ False True node_modules " /><!-- duration: 9439ms -->
              <step title="Triggering recycle (preview mode disabled)." date="2025-10-21T18:27:31.747" /><!-- duration: 1ms -->
              <step title="Modified file to trigger a restart of the app container." date="2025-10-21T18:27:31.780" /><!-- duration: 9ms -->
              <step title="Skip function trigger and logicapp sync because function is not enabled." date="2025-10-21T18:27:31.792" /><!-- duration: 9ms -->
            </step><!-- duration: 20104ms -->
          </step><!-- duration: 20389ms -->
          <step title="Cleaning up temp files" date="2025-10-21T18:27:33.219" /><!-- duration: 93ms -->
          <step title="Cleaning up temp files" date="2025-10-21T18:27:33.321" /><!-- duration: 519ms -->
          <step title="Reloading status file with latest updates" date="2025-10-21T18:27:33.891" >
            <step title="WebHooksManager.PublishEventAsync: PostDeployment" date="2025-10-21T18:27:33.895" /><!-- duration: 45ms -->
          </step><!-- duration: 49ms -->
          <step title="Cleaning up temporary deployment - fetch deployment was successful" date="2025-10-21T18:27:33.944" /><!-- duration: 1ms -->
        </step><!-- duration: 21386ms -->
      </step><!-- duration: 23540ms -->
