﻿<?xml version="1.0" encoding="utf-8"?>
<deployment>
  <id>b07af012-2ca2-490c-ab57-89f90b39d793</id>
  <author>N/A</author>
  <deployer>Push-Deployer</deployer>
  <authorEmail>N/A</authorEmail>
  <message>Created via a push deployment</message>
  <progress></progress>
  <status>Success</status>
  <statusText></statusText>
  <lastSuccessEndTime>2025-10-22T03:41:09.1478865Z</lastSuccessEndTime>
  <receivedTime>2025-10-22T03:40:45.2149686Z</receivedTime>
  <startTime>2025-10-22T03:40:46.577334Z</startTime>
  <endTime>2025-10-22T03:41:09.1478865Z</endTime>
  <complete>True</complete>
  <is_temp>False</is_temp>
  <is_readonly>True</is_readonly>
  <buildSummary />
</deployment>