﻿<?xml version="1.0" encoding="utf-8"?>
<deployment>
  <id>316ebcba-a87e-48cf-8e52-8264c0513a69</id>
  <author>N/A</author>
  <deployer>Push-Deployer</deployer>
  <authorEmail>N/A</authorEmail>
  <message>Created via a push deployment</message>
  <progress></progress>
  <status>Success</status>
  <statusText></statusText>
  <lastSuccessEndTime>2025-10-21T21:53:52.4560617Z</lastSuccessEndTime>
  <receivedTime>2025-10-21T21:53:36.3158159Z</receivedTime>
  <startTime>2025-10-21T21:53:37.6304181Z</startTime>
  <endTime>2025-10-21T21:53:52.4560617Z</endTime>
  <complete>True</complete>
  <is_temp>False</is_temp>
  <is_readonly>True</is_readonly>
  <buildSummary />
</deployment>