﻿<?xml version="1.0" encoding="utf-8"?>
<deployment>
  <id>84b72430-24c5-4f05-968c-d27516474459</id>
  <author>N/A</author>
  <deployer>Push-Deployer</deployer>
  <authorEmail>N/A</authorEmail>
  <message>Created via a push deployment</message>
  <progress></progress>
  <status>Success</status>
  <statusText></statusText>
  <lastSuccessEndTime>2025-10-21T20:40:27.5156579Z</lastSuccessEndTime>
  <receivedTime>2025-10-21T20:40:12.4312551Z</receivedTime>
  <startTime>2025-10-21T20:40:13.7565619Z</startTime>
  <endTime>2025-10-21T20:40:27.5156579Z</endTime>
  <complete>True</complete>
  <is_temp>False</is_temp>
  <is_readonly>True</is_readonly>
  <buildSummary />
</deployment>