﻿<?xml version="1.0" encoding="utf-8"?>
<deployment>
  <id>11fb9bed-110b-4e7e-9133-923b41a53f90</id>
  <author>N/A</author>
  <deployer>Push-Deployer</deployer>
  <authorEmail>N/A</authorEmail>
  <message>Created via a push deployment</message>
  <progress></progress>
  <status>Success</status>
  <statusText></statusText>
  <lastSuccessEndTime>2025-10-21T20:30:50.2796605Z</lastSuccessEndTime>
  <receivedTime>2025-10-21T20:30:36.0611838Z</receivedTime>
  <startTime>2025-10-21T20:30:37.4185491Z</startTime>
  <endTime>2025-10-21T20:30:50.2796605Z</endTime>
  <complete>True</complete>
  <is_temp>False</is_temp>
  <is_readonly>True</is_readonly>
  <buildSummary />
</deployment>