<step title="Incoming Request" date="2025-10-22T04:13:35.576" instance="c8e42a" url="/api/zipdeploy?isAsync=true" method="POST" type="request" pid="823,1,61" Accept="*/*" Host="pryysm-v2-dyfqbdd3g4gycnee.scm.uaenorth-01.azurewebsites.net" User-Agent="AZURECLI/2.77.0 (DEB)" Accept-Encoding="gzip, deflate" Authorization="Bea..." Cache-Control="no-cache" Content-Type="application/octet-stream" Content-Length="8502260" x-ms-client-request-id="73fbe854-aefd-11f0-a35e-0022482191a7" x-ms-artifact-checksum="4ce3556d7488a1f5a850ff042d002c3458f863374bc08a89660c4e3ca9072ba2" X-ARR-LOG-ID="73fbe854-aefd-11f0-a35e-0022482191a7" CLIENT-IP="172.208.126.104:35840" X-SITE-DEPLOYMENT-ID="PRYYSM-V2" WAS-DEFAULT-HOSTNAME="pryysm-v2-dyfqbdd3g4gycnee.scm.uaenorth-01.azurewebsites.net" X-Forwarded-Proto="https" X-AppService-Proto="https" X-Forwarded-TlsVersion="1.3" X-WAWS-Unencoded-URL="/api/zipdeploy?isAsync=true" X-Client-IP="172.208.126.104" X-Client-Port="35840" >
  <step title="Cleanup Xml Logs" date="2025-10-22T04:13:35.592" /><!-- duration: 7ms -->
  <step title="ZipPushDeploy" date="2025-10-22T04:13:35.617" >
    <step title="ZipDeploy. Extract zip." date="2025-10-22T04:13:35.623" /><!-- duration: 2ms -->
    <step title="Starting PushDeployAsync" date="2025-10-22T04:13:35.628" /><!-- duration: 42ms -->
    <step title="Removing node_modules symlink" date="2025-10-22T04:13:35.752" >
      <step title="Removing _del_node_modules symlink" date="2025-10-22T04:13:35.873" >
        <step title="Writing artifact to /tmp/zipdeploy/02056d8b-d0ae-4bea-96a5-3fd9de20cfca.zip" date="2025-10-22T04:13:35.953" >
          <step title="Writing multipart request body to /tmp/zipdeploy/02056d8b-d0ae-4bea-96a5-3fd9de20cfca.zip" date="2025-10-22T04:13:35.956" /><!-- duration: 16ms -->
        </step><!-- duration: 254ms -->
        <step title="Removing previous build artifact&apos;s manifest file" date="2025-10-22T04:13:36.210" >
          <step title="Start deployment in the background" date="2025-10-22T04:13:36.228" >
            <step title="Acquiring Deployment Lock" date="2025-10-22T04:13:36.287" /><!-- duration: 2ms -->
            <step title="Acquired Deployment Lock" date="2025-10-22T04:13:36.324" /><!-- duration: 2ms -->
          </step><!-- duration: 213ms -->
        </step><!-- duration: 239ms -->
        <step title="Outgoing response" date="2025-10-22T04:13:36.453" type="response" statusCode="202" statusText="Accepted" /><!-- duration: 2ms -->
      </step><!-- duration: 583ms -->
