<step title="BackgroundTrace" date="2025-10-21T21:00:46.895" instance="c8e42a" url="/api/zipdeploy" method="POST" >
  <step title="Creating temporary deployment - FetchDeploymentManager" date="2025-10-21T21:00:46.977" /><!-- duration: 1ms -->
  <step title="Creating temporary deployment" date="2025-10-21T21:00:46.981" /><!-- duration: 67ms -->
  <step title="Performing fetch based deployment" date="2025-10-21T21:00:47.075" >
    <step title="Cleaning up temp folders from previous zip deployments and extracting pushed zip file /tmp/zipdeploy/14a68119-60a6-44e1-acef-1e38e9cef851.zip (8.11 MB) to /tmp/zipdeploy/extracted" date="2025-10-21T21:00:48.271" >
      <step title="ChmodRecursive Process exited with total time taken in ms: 101" date="2025-10-21T21:00:50.327" /><!-- duration: 3ms -->
    </step><!-- duration: 2066ms -->
    <step title="Deployment timer started" date="2025-10-21T21:00:52.359" >
      <step title="DeploymentManager.Deploy(id:b1d82363-3604-40da-a6fd-b7896450bf5e)" date="2025-10-21T21:00:52.363" >
        <step title="Collecting changeset information" date="2025-10-21T21:00:52.397" /><!-- duration: 106ms -->
        <step title="Updating submodules" date="2025-10-21T21:00:52.506" /><!-- duration: 1103ms -->
        <step title="Determining deployment builder" date="2025-10-21T21:00:53.824" >
          <step title="Builder is BasicBuilder" date="2025-10-21T21:00:53.838" /><!-- duration: 10ms -->
        </step><!-- duration: 27ms -->
        <step title="PreDeployment: context.CleanOutputPath False" date="2025-10-21T21:00:53.927" >
          <step title="PreDeployment: context.OutputPath /home/site/wwwroot" date="2025-10-21T21:00:54.053" >
            <step title="Building" date="2025-10-21T21:00:54.182" >
              <step title="Executing external process" date="2025-10-21T21:00:54.755" type="process" path="starter.sh" arguments="/opt/Kudu/Scripts/absoluteTar.sh /tmp/zipdeploy/extracted/node_modules /tmp/zipdeploy/extracted/node_modules.tar.gz" /><!-- duration: 3226ms -->
              <step title="Executing external process" date="2025-10-21T21:00:58.228" type="process" path="starter.sh" arguments="/opt/Kudu/Scripts/parallel_rsync.sh /tmp/zipdeploy/extracted /home/site/wwwroot 8 /tmp/ False True node_modules " /><!-- duration: 8105ms -->
              <step title="Triggering recycle (preview mode disabled)." date="2025-10-21T21:01:07.089" /><!-- duration: 2ms -->
              <step title="Modified file to trigger a restart of the app container." date="2025-10-21T21:01:07.119" /><!-- duration: 2ms -->
              <step title="Skip function trigger and logicapp sync because function is not enabled." date="2025-10-21T21:01:07.130" /><!-- duration: 11ms -->
              <step title="Purge deployment items" date="2025-10-21T21:01:08.340" >
                <step title="Remove 57736863-, Success, received at 10/21/2025 19:41:45" date="2025-10-21T21:01:08.430" /><!-- duration: 9ms -->
              </step><!-- duration: 111ms -->
            </step><!-- duration: 14391ms -->
          </step><!-- duration: 14530ms -->
          <step title="Cleaning up temp files" date="2025-10-21T21:01:08.585" /><!-- duration: 8ms -->
          <step title="Cleaning up temp files" date="2025-10-21T21:01:08.610" /><!-- duration: 503ms -->
          <step title="Reloading status file with latest updates" date="2025-10-21T21:01:09.135" >
            <step title="WebHooksManager.PublishEventAsync: PostDeployment" date="2025-10-21T21:01:09.137" /><!-- duration: 38ms -->
          </step><!-- duration: 43ms -->
          <step title="Cleaning up temporary deployment - fetch deployment was successful" date="2025-10-21T21:01:09.180" /><!-- duration: 1ms -->
        </step><!-- duration: 15325ms -->
      </step><!-- duration: 16897ms -->
