<step title="BackgroundTrace" date="2025-10-21T20:30:28.750" instance="c8e42a" url="/api/zipdeploy" method="POST" >
  <step title="Creating temporary deployment - FetchDeploymentManager" date="2025-10-21T20:30:28.936" /><!-- duration: 9ms -->
  <step title="Creating temporary deployment" date="2025-10-21T20:30:28.964" /><!-- duration: 178ms -->
  <step title="Performing fetch based deployment" date="2025-10-21T20:30:29.199" >
    <step title="Cleaning up temp folders from previous zip deployments and extracting pushed zip file /tmp/zipdeploy/8418a657-71bc-4803-892c-e4673eebf433.zip (8.11 MB) to /tmp/zipdeploy/extracted" date="2025-10-21T20:30:30.426" >
      <step title="ChmodRecursive Process exited with total time taken in ms: 170" date="2025-10-21T20:30:33.969" /><!-- duration: 3ms -->
    </step><!-- duration: 3548ms -->
    <step title="Deployment timer started" date="2025-10-21T20:30:35.994" >
      <step title="DeploymentManager.Deploy(id:11fb9bed-110b-4e7e-9133-923b41a53f90)" date="2025-10-21T20:30:35.996" >
        <step title="Collecting changeset information" date="2025-10-21T20:30:36.017" /><!-- duration: 113ms -->
        <step title="Updating submodules" date="2025-10-21T20:30:36.132" /><!-- duration: 1141ms -->
        <step title="Determining deployment builder" date="2025-10-21T20:30:37.483" >
          <step title="Builder is BasicBuilder" date="2025-10-21T20:30:37.508" /><!-- duration: 2ms -->
        </step><!-- duration: 33ms -->
        <step title="PreDeployment: context.CleanOutputPath False" date="2025-10-21T20:30:37.578" >
          <step title="PreDeployment: context.OutputPath /home/site/wwwroot" date="2025-10-21T20:30:37.690" >
            <step title="Building" date="2025-10-21T20:30:37.822" >
              <step title="Executing external process" date="2025-10-21T20:30:38.352" type="process" path="starter.sh" arguments="/opt/Kudu/Scripts/absoluteTar.sh /tmp/zipdeploy/extracted/node_modules /tmp/zipdeploy/extracted/node_modules.tar.gz" /><!-- duration: 3094ms -->
              <step title="Executing external process" date="2025-10-21T20:30:41.711" type="process" path="starter.sh" arguments="/opt/Kudu/Scripts/parallel_rsync.sh /tmp/zipdeploy/extracted /home/site/wwwroot 8 /tmp/ False True node_modules " /><!-- duration: 7486ms -->
              <step title="Triggering recycle (preview mode disabled)." date="2025-10-21T20:30:49.830" /><!-- duration: 1ms -->
              <step title="Modified file to trigger a restart of the app container." date="2025-10-21T20:30:49.860" /><!-- duration: 9ms -->
              <step title="Skip function trigger and logicapp sync because function is not enabled." date="2025-10-21T20:30:49.889" /><!-- duration: 10ms -->
              <step title="Purge deployment items" date="2025-10-21T20:30:51.026" >
                <step title="Remove 36db3856-, Success, received at 10/21/2025 19:22:33" date="2025-10-21T20:30:51.088" /><!-- duration: 1ms -->
              </step><!-- duration: 66ms -->
            </step><!-- duration: 13351ms -->
          </step><!-- duration: 13491ms -->
          <step title="Cleaning up temp files" date="2025-10-21T20:30:51.182" /><!-- duration: 6ms -->
          <step title="Cleaning up temp files" date="2025-10-21T20:30:51.199" /><!-- duration: 522ms -->
          <step title="Reloading status file with latest updates" date="2025-10-21T20:30:51.741" >
            <step title="WebHooksManager.PublishEventAsync: PostDeployment" date="2025-10-21T20:30:51.746" /><!-- duration: 64ms -->
          </step><!-- duration: 78ms -->
          <step title="Cleaning up temporary deployment - fetch deployment was successful" date="2025-10-21T20:30:51.829" /><!-- duration: 8ms -->
        </step><!-- duration: 14376ms -->
      </step><!-- duration: 15982ms -->
