<step title="Incoming Request" date="2025-10-21T19:54:18.443" instance="c8e42a" url="/api/zipdeploy?isAsync=true" method="POST" type="request" pid="821,1,21" Accept="*/*" Host="pryysm-v2-dyfqbdd3g4gycnee.scm.uaenorth-01.azurewebsites.net" User-Agent="AZURECLI/2.77.0 (DEB)" Accept-Encoding="gzip, deflate" Authorization="Bea..." Cache-Control="no-cache" Content-Type="application/octet-stream" Content-Length="8500054" x-ms-client-request-id="b50074fa-aeb7-11f0-a35e-000d3a15dfcb" x-ms-artifact-checksum="962be4119c8fd19a17e321d3c604dbf03f5859780c2dea2000ebf0ec5ca7f48c" X-ARR-LOG-ID="b50074fa-aeb7-11f0-a35e-000d3a15dfcb" CLIENT-IP="172.174.165.5:19456" X-SITE-DEPLOYMENT-ID="PRYYSM-V2" WAS-DEFAULT-HOSTNAME="pryysm-v2-dyfqbdd3g4gycnee.scm.uaenorth-01.azurewebsites.net" X-Forwarded-Proto="https" X-AppService-Proto="https" X-Forwarded-TlsVersion="1.3" X-WAWS-Unencoded-URL="/api/zipdeploy?isAsync=true" X-Client-IP="172.174.165.5" X-Client-Port="19456" >
  <step title="Cleanup Xml Logs" date="2025-10-21T19:54:18.445" /><!-- duration: 4ms -->
  <step title="ZipPushDeploy" date="2025-10-21T19:54:18.454" >
    <step title="ZipDeploy. Extract zip." date="2025-10-21T19:54:18.457" /><!-- duration: 1ms -->
    <step title="Starting PushDeployAsync" date="2025-10-21T19:54:18.461" /><!-- duration: 1ms -->
    <step title="Removing node_modules symlink" date="2025-10-21T19:54:18.473" >
      <step title="Writing artifact to /tmp/zipdeploy/c0fc22a9-2a3c-41ae-8cac-4a81d0ef2e6c.zip" date="2025-10-21T19:54:18.526" >
        <step title="Writing multipart request body to /tmp/zipdeploy/c0fc22a9-2a3c-41ae-8cac-4a81d0ef2e6c.zip" date="2025-10-21T19:54:18.528" /><!-- duration: 2ms -->
      </step><!-- duration: 1462ms -->
      <step title="Removing previous build artifact&apos;s manifest file" date="2025-10-21T19:54:19.993" >
        <step title="Start deployment in the background" date="2025-10-21T19:54:20.001" >
          <step title="Acquiring Deployment Lock" date="2025-10-21T19:54:20.021" /><!-- duration: 1ms -->
          <step title="Acquired Deployment Lock" date="2025-10-21T19:54:20.056" /><!-- duration: 1ms -->
        </step><!-- duration: 119ms -->
      </step><!-- duration: 128ms -->
      <step title="Outgoing response" date="2025-10-21T19:54:20.123" type="response" statusCode="202" statusText="Accepted" /><!-- duration: 2ms -->
    </step><!-- duration: 1653ms -->
