<step title="BackgroundTrace" date="2025-10-21T19:54:20.008" instance="c8e42a" url="/api/zipdeploy" method="POST" >
  <step title="Creating temporary deployment - FetchDeploymentManager" date="2025-10-21T19:54:20.058" /><!-- duration: 1ms -->
  <step title="Creating temporary deployment" date="2025-10-21T19:54:20.061" /><!-- duration: 57ms -->
  <step title="Performing fetch based deployment" date="2025-10-21T19:54:20.137" >
    <step title="Cleaning up temp folders from previous zip deployments and extracting pushed zip file /tmp/zipdeploy/c0fc22a9-2a3c-41ae-8cac-4a81d0ef2e6c.zip (8.11 MB) to /tmp/zipdeploy/extracted" date="2025-10-21T19:54:21.288" >
      <step title="ChmodRecursive Process exited with total time taken in ms: 159" date="2025-10-21T19:54:23.506" /><!-- duration: 12ms -->
    </step><!-- duration: 2249ms -->
    <step title="Deployment timer started" date="2025-10-21T19:54:25.558" >
      <step title="DeploymentManager.Deploy(id:8c308a89-b551-4d82-ab7c-d721a03a331a)" date="2025-10-21T19:54:25.561" >
        <step title="Collecting changeset information" date="2025-10-21T19:54:25.618" /><!-- duration: 102ms -->
        <step title="Updating submodules" date="2025-10-21T19:54:25.722" /><!-- duration: 1106ms -->
        <step title="Determining deployment builder" date="2025-10-21T19:54:27.028" >
          <step title="Builder is BasicBuilder" date="2025-10-21T19:54:27.034" /><!-- duration: 2ms -->
        </step><!-- duration: 18ms -->
        <step title="PreDeployment: context.CleanOutputPath False" date="2025-10-21T19:54:27.118" >
          <step title="PreDeployment: context.OutputPath /home/site/wwwroot" date="2025-10-21T19:54:27.244" >
            <step title="Building" date="2025-10-21T19:54:27.372" >
              <step title="Executing external process" date="2025-10-21T19:54:28.488" type="process" path="starter.sh" arguments="/opt/Kudu/Scripts/absoluteTar.sh /tmp/zipdeploy/extracted/node_modules /tmp/zipdeploy/extracted/node_modules.tar.gz" /><!-- duration: 3411ms -->
              <step title="Executing external process" date="2025-10-21T19:54:32.138" type="process" path="starter.sh" arguments="/opt/Kudu/Scripts/parallel_rsync.sh /tmp/zipdeploy/extracted /home/site/wwwroot 8 /tmp/ False True node_modules " /><!-- duration: 7182ms -->
              <step title="Triggering recycle (preview mode disabled)." date="2025-10-21T19:54:39.887" /><!-- duration: 2ms -->
              <step title="Modified file to trigger a restart of the app container." date="2025-10-21T19:54:39.928" /><!-- duration: 1ms -->
              <step title="Skip function trigger and logicapp sync because function is not enabled." date="2025-10-21T19:54:39.931" /><!-- duration: 1ms -->
              <step title="Purge deployment items" date="2025-10-21T19:54:40.989" >
                <step title="Remove 1767a73a-, Success, received at 10/21/2025 18:27:10" date="2025-10-21T19:54:41.031" /><!-- duration: 1ms -->
              </step><!-- duration: 44ms -->
            </step><!-- duration: 13727ms -->
          </step><!-- duration: 13858ms -->
          <step title="Cleaning up temp files" date="2025-10-21T19:54:41.103" /><!-- duration: 93ms -->
          <step title="Cleaning up temp files" date="2025-10-21T19:54:41.198" /><!-- duration: 509ms -->
          <step title="Reloading status file with latest updates" date="2025-10-21T19:54:41.779" >
            <step title="WebHooksManager.PublishEventAsync: PostDeployment" date="2025-10-21T19:54:41.798" /><!-- duration: 110ms -->
          </step><!-- duration: 131ms -->
          <step title="Cleaning up temporary deployment - fetch deployment was successful" date="2025-10-21T19:54:41.919" /><!-- duration: 9ms -->
        </step><!-- duration: 14900ms -->
      </step><!-- duration: 16478ms -->
