<step title="Incoming Request" date="2025-10-21T19:58:50.821" instance="c8e42a" url="/api/zipdeploy?isAsync=true" method="POST" type="request" pid="821,1,37" Accept="*/*" Host="pryysm-v2-dyfqbdd3g4gycnee.scm.uaenorth-01.azurewebsites.net" User-Agent="AZURECLI/2.77.0 (DEB)" Accept-Encoding="gzip, deflate" Authorization="Bea..." Cache-Control="no-cache" Content-Type="application/octet-stream" Content-Length="8499988" x-ms-client-request-id="5663f510-aeb8-11f0-a35e-6045bd0039c3" x-ms-artifact-checksum="042f2cef328732701d50bc05bb7c4b91b80d21dc4bbe49f0e79a71390df16468" X-ARR-LOG-ID="5663f510-aeb8-11f0-a35e-6045bd0039c3" CLIENT-IP="13.83.162.2:39936" X-SITE-DEPLOYMENT-ID="PRYYSM-V2" WAS-DEFAULT-HOSTNAME="pryysm-v2-dyfqbdd3g4gycnee.scm.uaenorth-01.azurewebsites.net" X-Forwarded-Proto="https" X-AppService-Proto="https" X-Forwarded-TlsVersion="1.3" X-WAWS-Unencoded-URL="/api/zipdeploy?isAsync=true" X-Client-IP="13.83.162.2" X-Client-Port="39936" >
  <step title="Cleanup Xml Logs" date="2025-10-21T19:58:50.822" /><!-- duration: 3ms -->
  <step title="ZipPushDeploy" date="2025-10-21T19:58:50.873" >
    <step title="ZipDeploy. Extract zip." date="2025-10-21T19:58:50.877" /><!-- duration: 5ms -->
    <step title="Starting PushDeployAsync" date="2025-10-21T19:58:50.884" /><!-- duration: 6ms -->
    <step title="Writing artifact to /tmp/zipdeploy/386d8d19-0bc5-486e-958f-98b57b2ff095.zip" date="2025-10-21T19:58:50.921" >
      <step title="Writing multipart request body to /tmp/zipdeploy/386d8d19-0bc5-486e-958f-98b57b2ff095.zip" date="2025-10-21T19:58:50.923" /><!-- duration: 2ms -->
    </step><!-- duration: 2012ms -->
    <step title="Removing previous build artifact&apos;s manifest file" date="2025-10-21T19:58:52.944" >
      <step title="Start deployment in the background" date="2025-10-21T19:58:52.952" >
        <step title="Acquiring Deployment Lock" date="2025-10-21T19:58:52.983" /><!-- duration: 21ms -->
        <step title="Acquired Deployment Lock" date="2025-10-21T19:58:53.058" /><!-- duration: 1ms -->
      </step><!-- duration: 174ms -->
    </step><!-- duration: 185ms -->
    <step title="Outgoing response" date="2025-10-21T19:58:53.132" type="response" statusCode="202" statusText="Accepted" /><!-- duration: 2ms -->
  </step><!-- duration: 2262ms -->
