<step title="Incoming Request" date="2025-10-21T15:59:52.320" instance="c8e42a" url="/api/zipdeploy?isAsync=true" method="POST" type="request" pid="821,1,34" Accept="*/*" Host="pryysm-v2-dyfqbdd3g4gycnee.scm.uaenorth-01.azurewebsites.net" User-Agent="AZURECLI/2.77.0 (DEB)" Accept-Encoding="gzip, deflate" Authorization="Bea..." Cache-Control="no-cache" Content-Type="application/octet-stream" Content-Length="8499587" x-ms-client-request-id="f313946e-ae96-11f0-a35e-7ced8d7bee31" x-ms-artifact-checksum="ab9b3e4fc86b8a06ad8f7ffc8399ef2073137318b5fa7b04696fd5338d8a4e2c" X-ARR-LOG-ID="f313946e-ae96-11f0-a35e-7ced8d7bee31" CLIENT-IP="135.232.232.39:4168" X-SITE-DEPLOYMENT-ID="PRYYSM-V2" WAS-DEFAULT-HOSTNAME="pryysm-v2-dyfqbdd3g4gycnee.scm.uaenorth-01.azurewebsites.net" X-Forwarded-Proto="https" X-AppService-Proto="https" X-Forwarded-TlsVersion="1.3" X-WAWS-Unencoded-URL="/api/zipdeploy?isAsync=true" X-Client-IP="135.232.232.39" X-Client-Port="4168" >
  <step title="Cleanup Xml Logs" date="2025-10-21T15:59:52.338" /><!-- duration: 4ms -->
  <step title="ZipPushDeploy" date="2025-10-21T15:59:52.593" >
    <step title="ZipDeploy. Extract zip." date="2025-10-21T15:59:52.608" /><!-- duration: 23ms -->
    <step title="None repository commit" date="2025-10-21T15:59:52.645" >
      <step title="Commit id: a0a40a9c-40a5-447e-9928-8bccf2028d94" date="2025-10-21T15:59:52.647" Message="N/A" AuthorName="N/A" AuthorEmail="N/A" /><!-- duration: 3ms -->
    </step><!-- duration: 6ms -->
    <step title="Starting PushDeployAsync" date="2025-10-21T15:59:52.654" /><!-- duration: 2ms -->
    <step title="Removing node_modules symlink" date="2025-10-21T15:59:52.692" >
      <step title="Removing _del_node_modules symlink" date="2025-10-21T15:59:53.043" >
        <step title="Writing artifact to /tmp/zipdeploy/87e78fcf-2346-4aea-9dd9-efad05c584cc.zip" date="2025-10-21T15:59:53.083" >
          <step title="Writing multipart request body to /tmp/zipdeploy/87e78fcf-2346-4aea-9dd9-efad05c584cc.zip" date="2025-10-21T15:59:53.106" /><!-- duration: 7ms -->
        </step><!-- duration: 484ms -->
        <step title="Removing previous build artifact&apos;s manifest file" date="2025-10-21T15:59:53.573" >
          <step title="Start deployment in the background" date="2025-10-21T15:59:53.599" >
            <step title="Acquiring Deployment Lock" date="2025-10-21T15:59:53.639" /><!-- duration: 2ms -->
            <step title="Acquired Deployment Lock" date="2025-10-21T15:59:53.727" /><!-- duration: 2ms -->
          </step><!-- duration: 289ms -->
        </step><!-- duration: 333ms -->
        <step title="Outgoing response" date="2025-10-21T15:59:53.919" type="response" statusCode="202" statusText="Accepted" /><!-- duration: 2ms -->
      </step><!-- duration: 879ms -->
