<step title="Incoming Request" date="2025-10-21T20:40:04.114" instance="c8e42a" url="/api/zipdeploy?isAsync=true" method="POST" type="request" pid="823,1,16" Accept="*/*" Host="pryysm-v2-dyfqbdd3g4gycnee.scm.uaenorth-01.azurewebsites.net" User-Agent="AZURECLI/2.77.0 (DEB)" Accept-Encoding="gzip, deflate" Authorization="Bea..." Cache-Control="no-cache" Content-Type="application/octet-stream" Content-Length="8500222" x-ms-client-request-id="183c5a9c-aebe-11f0-a35e-6045bdc93363" x-ms-artifact-checksum="acf5d0876cd8b3441ac46cbcbead6dd9a7d1a72c402743cee19c0ee7e7f66e7d" X-ARR-LOG-ID="183c5a9c-aebe-11f0-a35e-6045bdc93363" CLIENT-IP="172.182.201.164:19456" X-SITE-DEPLOYMENT-ID="PRYYSM-V2" WAS-DEFAULT-HOSTNAME="pryysm-v2-dyfqbdd3g4gycnee.scm.uaenorth-01.azurewebsites.net" X-Forwarded-Proto="https" X-AppService-Proto="https" X-Forwarded-TlsVersion="1.3" X-WAWS-Unencoded-URL="/api/zipdeploy?isAsync=true" X-Client-IP="172.182.201.164" X-Client-Port="19456" >
  <step title="Cleanup Xml Logs" date="2025-10-21T20:40:04.344" /><!-- duration: 121ms -->
  <step title="ZipPushDeploy" date="2025-10-21T20:40:05.329" >
    <step title="ZipDeploy. Extract zip." date="2025-10-21T20:40:05.417" /><!-- duration: 2ms -->
    <step title="Starting PushDeployAsync" date="2025-10-21T20:40:05.424" /><!-- duration: 6ms -->
    <step title="Removing node_modules symlink" date="2025-10-21T20:40:05.464" >
      <step title="Writing artifact to /tmp/zipdeploy/1564dcc9-14de-4d40-a37c-4c11e19a5f4f.zip" date="2025-10-21T20:40:05.818" >
        <step title="Writing multipart request body to /tmp/zipdeploy/1564dcc9-14de-4d40-a37c-4c11e19a5f4f.zip" date="2025-10-21T20:40:05.837" /><!-- duration: 2ms -->
      </step><!-- duration: 386ms -->
      <step title="Removing previous build artifact&apos;s manifest file" date="2025-10-21T20:40:06.215" >
        <step title="Start deployment in the background" date="2025-10-21T20:40:06.241" >
          <step title="Acquiring Deployment Lock" date="2025-10-21T20:40:06.299" /><!-- duration: 2ms -->
          <step title="Acquired Deployment Lock" date="2025-10-21T20:40:06.341" /><!-- duration: 2ms -->
        </step><!-- duration: 234ms -->
      </step><!-- duration: 275ms -->
      <step title="Outgoing response" date="2025-10-21T20:40:06.499" type="response" statusCode="202" statusText="Accepted" /><!-- duration: 7ms -->
    </step><!-- duration: 1043ms -->
