<step title="BackgroundTrace" date="2025-10-21T20:15:45.392" instance="c8e42a" url="/api/zipdeploy" method="POST" >
  <step title="Creating temporary deployment - FetchDeploymentManager" date="2025-10-21T20:15:45.513" /><!-- duration: 2ms -->
  <step title="Creating temporary deployment" date="2025-10-21T20:15:45.563" /><!-- duration: 241ms -->
  <step title="Performing fetch based deployment" date="2025-10-21T20:15:45.966" >
    <step title="Cleaning up temp folders from previous zip deployments and extracting pushed zip file /tmp/zipdeploy/7b473cf1-6929-4425-8ebd-8623d8d70e12.zip (8.11 MB) to /tmp/zipdeploy/extracted" date="2025-10-21T20:15:47.644" >
      <step title="ChmodRecursive Process exited with total time taken in ms: 170" date="2025-10-21T20:15:52.097" /><!-- duration: 1ms -->
    </step><!-- duration: 4463ms -->
    <step title="Deployment timer started" date="2025-10-21T20:15:54.150" >
      <step title="DeploymentManager.Deploy(id:58fe6257-4844-4281-a8d2-cc2ce4de1be2)" date="2025-10-21T20:15:54.155" >
        <step title="Collecting changeset information" date="2025-10-21T20:15:54.201" /><!-- duration: 121ms -->
        <step title="Updating submodules" date="2025-10-21T20:15:54.325" /><!-- duration: 1146ms -->
        <step title="Determining deployment builder" date="2025-10-21T20:15:55.690" >
          <step title="Builder is BasicBuilder" date="2025-10-21T20:15:55.694" /><!-- duration: 9ms -->
        </step><!-- duration: 22ms -->
        <step title="PreDeployment: context.CleanOutputPath False" date="2025-10-21T20:15:55.772" >
          <step title="PreDeployment: context.OutputPath /home/site/wwwroot" date="2025-10-21T20:15:56.479" >
            <step title="Building" date="2025-10-21T20:15:56.633" >
              <step title="Executing external process" date="2025-10-21T20:15:57.205" type="process" path="starter.sh" arguments="/opt/Kudu/Scripts/absoluteTar.sh /tmp/zipdeploy/extracted/node_modules /tmp/zipdeploy/extracted/node_modules.tar.gz" /><!-- duration: 4905ms -->
              <step title="Executing external process" date="2025-10-21T20:16:02.784" type="process" path="starter.sh" arguments="/opt/Kudu/Scripts/parallel_rsync.sh /tmp/zipdeploy/extracted /home/site/wwwroot 8 /tmp/ False True node_modules " /><!-- duration: 8635ms -->
              <step title="Triggering recycle (preview mode disabled)." date="2025-10-21T20:16:12.045" /><!-- duration: 3ms -->
              <step title="Modified file to trigger a restart of the app container." date="2025-10-21T20:16:12.089" /><!-- duration: 1ms -->
              <step title="Skip function trigger and logicapp sync because function is not enabled." date="2025-10-21T20:16:12.093" /><!-- duration: 1ms -->
              <step title="Purge deployment items" date="2025-10-21T20:16:13.130" >
                <step title="Remove 14127671-, Success, received at 10/21/2025 19:14:57" date="2025-10-21T20:16:13.187" /><!-- duration: 1ms -->
              </step><!-- duration: 59ms -->
            </step><!-- duration: 16676ms -->
          </step><!-- duration: 16853ms -->
          <step title="Cleaning up temp files" date="2025-10-21T20:16:13.339" /><!-- duration: 2ms -->
          <step title="Cleaning up temp files" date="2025-10-21T20:16:13.348" /><!-- duration: 541ms -->
          <step title="Reloading status file with latest updates" date="2025-10-21T20:16:13.909" >
            <step title="WebHooksManager.PublishEventAsync: PostDeployment" date="2025-10-21T20:16:13.912" /><!-- duration: 39ms -->
          </step><!-- duration: 44ms -->
          <step title="Cleaning up temporary deployment - fetch deployment was successful" date="2025-10-21T20:16:13.956" /><!-- duration: 2ms -->
        </step><!-- duration: 18275ms -->
      </step><!-- duration: 19899ms -->
