<step title="Incoming Request" date="2025-10-21T20:15:44.141" instance="c8e42a" url="/api/zipdeploy?isAsync=true" method="POST" type="request" pid="823,1,34" Accept="*/*" Host="pryysm-v2-dyfqbdd3g4gycnee.scm.uaenorth-01.azurewebsites.net" User-Agent="AZURECLI/2.77.0 (DEB)" Accept-Encoding="gzip, deflate" Authorization="Bea..." Cache-Control="no-cache" Content-Type="application/octet-stream" Content-Length="8499467" x-ms-client-request-id="b3f5537a-aeba-11f0-a35e-7ced8d4e35eb" x-ms-artifact-checksum="1cc7a62879d6aa37d751d4357a7d1216840b2124310a5ae099c66b46426e75d4" X-ARR-LOG-ID="b3f5537a-aeba-11f0-a35e-7ced8d4e35eb" CLIENT-IP="52.173.237.210:58368" X-SITE-DEPLOYMENT-ID="PRYYSM-V2" WAS-DEFAULT-HOSTNAME="pryysm-v2-dyfqbdd3g4gycnee.scm.uaenorth-01.azurewebsites.net" X-Forwarded-Proto="https" X-AppService-Proto="https" X-Forwarded-TlsVersion="1.3" X-WAWS-Unencoded-URL="/api/zipdeploy?isAsync=true" X-Client-IP="52.173.237.210" X-Client-Port="58368" >
  <step title="Cleanup Xml Logs" date="2025-10-21T20:15:44.145" /><!-- duration: 7ms -->
  <step title="ZipPushDeploy" date="2025-10-21T20:15:44.217" >
    <step title="ZipDeploy. Extract zip." date="2025-10-21T20:15:44.224" /><!-- duration: 2ms -->
    <step title="Starting PushDeployAsync" date="2025-10-21T20:15:44.229" /><!-- duration: 2ms -->
    <step title="Removing node_modules symlink" date="2025-10-21T20:15:44.244" >
      <step title="Writing artifact to /tmp/zipdeploy/7b473cf1-6929-4425-8ebd-8623d8d70e12.zip" date="2025-10-21T20:15:44.324" >
        <step title="Writing multipart request body to /tmp/zipdeploy/7b473cf1-6929-4425-8ebd-8623d8d70e12.zip" date="2025-10-21T20:15:44.332" /><!-- duration: 12ms -->
      </step><!-- duration: 1021ms -->
      <step title="Removing previous build artifact&apos;s manifest file" date="2025-10-21T20:15:45.350" >
        <step title="Start deployment in the background" date="2025-10-21T20:15:45.385" >
          <step title="Acquiring Deployment Lock" date="2025-10-21T20:15:45.416" /><!-- duration: 9ms -->
          <step title="Acquired Deployment Lock" date="2025-10-21T20:15:45.496" /><!-- duration: 8ms -->
        </step><!-- duration: 430ms -->
      </step><!-- duration: 525ms -->
      <step title="Outgoing response" date="2025-10-21T20:15:45.919" type="response" statusCode="202" statusText="Accepted" /><!-- duration: 17ms -->
    </step><!-- duration: 1703ms -->
