<step title="BackgroundTrace" date="2025-10-21T19:41:38.307" instance="c8e42a" url="/api/zipdeploy" method="POST" >
  <step title="Creating temporary deployment - FetchDeploymentManager" date="2025-10-21T19:41:38.399" /><!-- duration: 1ms -->
  <step title="Creating temporary deployment" date="2025-10-21T19:41:38.402" /><!-- duration: 79ms -->
  <step title="Performing fetch based deployment" date="2025-10-21T19:41:38.527" >
    <step title="Cleaning up temp folders from previous zip deployments and extracting pushed zip file /tmp/zipdeploy/01321a4f-6b84-4425-ae2c-1be4a9824b19.zip (8.11 MB) to /tmp/zipdeploy/extracted" date="2025-10-21T19:41:39.703" >
      <step title="ChmodRecursive Process exited with total time taken in ms: 184" date="2025-10-21T19:41:43.275" /><!-- duration: 9ms -->
    </step><!-- duration: 3610ms -->
    <step title="Deployment timer started" date="2025-10-21T19:41:45.340" >
      <step title="DeploymentManager.Deploy(id:57736863-099b-4a73-9d12-2ab9773ed9a5)" date="2025-10-21T19:41:45.348" >
        <step title="Collecting changeset information" date="2025-10-21T19:41:45.405" /><!-- duration: 396ms -->
        <step title="Updating submodules" date="2025-10-21T19:41:45.804" /><!-- duration: 1116ms -->
        <step title="Determining deployment builder" date="2025-10-21T19:41:47.106" >
          <step title="Builder is BasicBuilder" date="2025-10-21T19:41:47.120" /><!-- duration: 13ms -->
        </step><!-- duration: 29ms -->
        <step title="PreDeployment: context.CleanOutputPath False" date="2025-10-21T19:41:47.210" >
          <step title="PreDeployment: context.OutputPath /home/site/wwwroot" date="2025-10-21T19:41:47.317" >
            <step title="Building" date="2025-10-21T19:41:47.440" >
              <step title="Executing external process" date="2025-10-21T19:41:47.924" type="process" path="starter.sh" arguments="/opt/Kudu/Scripts/absoluteTar.sh /tmp/zipdeploy/extracted/node_modules /tmp/zipdeploy/extracted/node_modules.tar.gz" /><!-- duration: 2983ms -->
              <step title="Executing external process" date="2025-10-21T19:41:51.188" type="process" path="starter.sh" arguments="/opt/Kudu/Scripts/parallel_rsync.sh /tmp/zipdeploy/extracted /home/site/wwwroot 8 /tmp/ False True node_modules " /><!-- duration: 8084ms -->
              <step title="Triggering recycle (preview mode disabled)." date="2025-10-21T19:42:00.107" /><!-- duration: 8ms -->
              <step title="Modified file to trigger a restart of the app container." date="2025-10-21T19:42:00.155" /><!-- duration: 3ms -->
              <step title="Skip function trigger and logicapp sync because function is not enabled." date="2025-10-21T19:42:00.225" /><!-- duration: 20ms -->
              <step title="Purge deployment items" date="2025-10-21T19:42:01.388" >
                <step title="Remove 8a716084-, Success, received at 10/21/2025 18:05:37" date="2025-10-21T19:42:01.441" /><!-- duration: 1ms -->
              </step><!-- duration: 56ms -->
            </step><!-- duration: 14071ms -->
          </step><!-- duration: 14275ms -->
          <step title="Cleaning up temp files" date="2025-10-21T19:42:01.601" /><!-- duration: 20ms -->
          <step title="Cleaning up temp files" date="2025-10-21T19:42:01.631" /><!-- duration: 524ms -->
          <step title="Reloading status file with latest updates" date="2025-10-21T19:42:02.223" >
            <step title="WebHooksManager.PublishEventAsync: PostDeployment" date="2025-10-21T19:42:02.226" /><!-- duration: 130ms -->
          </step><!-- duration: 141ms -->
          <step title="Cleaning up temporary deployment - fetch deployment was successful" date="2025-10-21T19:42:02.375" /><!-- duration: 1ms -->
        </step><!-- duration: 15355ms -->
      </step><!-- duration: 17298ms -->
