<step title="BackgroundTrace" date="2025-10-22T04:32:15.543" instance="c8e42a" url="/api/zipdeploy" method="POST" >
  <step title="Cleanup Xml Logs" date="2025-10-22T04:32:15.594" /><!-- duration: 69ms -->
  <step title="Creating temporary deployment - FetchDeploymentManager" date="2025-10-22T04:32:15.947" /><!-- duration: 10ms -->
  <step title="Creating temporary deployment" date="2025-10-22T04:32:16.025" /><!-- duration: 643ms -->
  <step title="Performing fetch based deployment" date="2025-10-22T04:32:16.980" >
    <step title="Cleaning up temp folders from previous zip deployments and extracting pushed zip file /tmp/zipdeploy/ba39a097-5771-4d05-8cc1-17a31632bb03.zip (8.11 MB) to /tmp/zipdeploy/extracted" date="2025-10-22T04:32:18.728" >
      <step title="ChmodRecursive Process exited with total time taken in ms: 162" date="2025-10-22T04:32:26.440" /><!-- duration: 8ms -->
    </step><!-- duration: 7722ms -->
    <step title="Deployment timer started" date="2025-10-22T04:32:28.471" >
      <step title="DeploymentManager.Deploy(id:8a8f70a1-0f73-4ad4-862a-1029f7ea78e1)" date="2025-10-22T04:32:28.483" >
        <step title="Collecting changeset information" date="2025-10-22T04:32:28.533" /><!-- duration: 126ms -->
        <step title="Updating submodules" date="2025-10-22T04:32:28.666" /><!-- duration: 1149ms -->
        <step title="Determining deployment builder" date="2025-10-22T04:32:30.103" >
          <step title="Builder is BasicBuilder" date="2025-10-22T04:32:30.118" /><!-- duration: 11ms -->
        </step><!-- duration: 34ms -->
        <step title="PreDeployment: context.CleanOutputPath False" date="2025-10-22T04:32:30.224" >
          <step title="PreDeployment: context.OutputPath /home/site/wwwroot" date="2025-10-22T04:32:30.364" >
            <step title="Building" date="2025-10-22T04:32:30.556" >
              <step title="Executing external process" date="2025-10-22T04:32:31.115" type="process" path="starter.sh" arguments="/opt/Kudu/Scripts/absoluteTar.sh /tmp/zipdeploy/extracted/node_modules /tmp/zipdeploy/extracted/node_modules.tar.gz" /><!-- duration: 3438ms -->
              <step title="Executing external process" date="2025-10-22T04:32:34.827" type="process" path="starter.sh" arguments="/opt/Kudu/Scripts/parallel_rsync.sh /tmp/zipdeploy/extracted /home/site/wwwroot 8 /tmp/ False True node_modules " /><!-- duration: 9580ms -->
              <step title="Triggering recycle (preview mode disabled)." date="2025-10-22T04:32:45.192" /><!-- duration: 1ms -->
              <step title="Modified file to trigger a restart of the app container." date="2025-10-22T04:32:45.239" /><!-- duration: 10ms -->
              <step title="Skip function trigger and logicapp sync because function is not enabled." date="2025-10-22T04:32:45.252" /><!-- duration: 8ms -->
              <step title="Purge deployment items" date="2025-10-22T04:32:46.401" >
                <step title="Remove 4d9dc277-, Success, received at 10/21/2025 20:18:27" date="2025-10-22T04:32:46.453" /><!-- duration: 1ms -->
              </step><!-- duration: 54ms -->
            </step><!-- duration: 15974ms -->
          </step><!-- duration: 16169ms -->
          <step title="Cleaning up temp files" date="2025-10-22T04:32:46.535" /><!-- duration: 2ms -->
          <step title="Cleaning up temp files" date="2025-10-22T04:32:46.548" /><!-- duration: 511ms -->
          <step title="Reloading status file with latest updates" date="2025-10-22T04:32:47.107" >
            <step title="WebHooksManager.PublishEventAsync: PostDeployment" date="2025-10-22T04:32:47.110" /><!-- duration: 46ms -->
          </step><!-- duration: 51ms -->
          <step title="Cleaning up temporary deployment - fetch deployment was successful" date="2025-10-22T04:32:47.160" /><!-- duration: 1ms -->
        </step><!-- duration: 17011ms -->
      </step><!-- duration: 18759ms -->
