<step title="Incoming Request" date="2025-10-21T19:14:49.958" instance="c8e42a" url="/api/zipdeploy?isAsync=true" method="POST" type="request" pid="821,1,24" Accept="*/*" Host="pryysm-v2-dyfqbdd3g4gycnee.scm.uaenorth-01.azurewebsites.net" User-Agent="AZURECLI/2.77.0 (DEB)" Accept-Encoding="gzip, deflate" Authorization="Bea..." Cache-Control="no-cache" Content-Type="application/octet-stream" Content-Length="8498992" x-ms-client-request-id="31dfcfe4-aeb2-11f0-a35e-7ced8d55f643" x-ms-artifact-checksum="5cdf7b2483ca90bee4b82f90b79a4b74aeb9caf1eb1a47913b63049b3ec7ec72" X-ARR-LOG-ID="31dfcfe4-aeb2-11f0-a35e-7ced8d55f643" CLIENT-IP="64.236.153.83:59392" X-SITE-DEPLOYMENT-ID="PRYYSM-V2" WAS-DEFAULT-HOSTNAME="pryysm-v2-dyfqbdd3g4gycnee.scm.uaenorth-01.azurewebsites.net" X-Forwarded-Proto="https" X-AppService-Proto="https" X-Forwarded-TlsVersion="1.3" X-WAWS-Unencoded-URL="/api/zipdeploy?isAsync=true" X-Client-IP="64.236.153.83" X-Client-Port="59392" >
  <step title="Cleanup Xml Logs" date="2025-10-21T19:14:49.960" /><!-- duration: 3ms -->
  <step title="ZipPushDeploy" date="2025-10-21T19:14:50.017" >
    <step title="ZipDeploy. Extract zip." date="2025-10-21T19:14:50.023" /><!-- duration: 1ms -->
    <step title="Starting PushDeployAsync" date="2025-10-21T19:14:50.027" /><!-- duration: 2ms -->
    <step title="Removing node_modules symlink" date="2025-10-21T19:14:50.036" >
      <step title="Removing _del_node_modules symlink" date="2025-10-21T19:14:50.140" >
        <step title="Writing artifact to /tmp/zipdeploy/6cb376ec-f626-4d5e-b3fa-6f47a307be82.zip" date="2025-10-21T19:14:50.177" >
          <step title="Writing multipart request body to /tmp/zipdeploy/6cb376ec-f626-4d5e-b3fa-6f47a307be82.zip" date="2025-10-21T19:14:50.188" /><!-- duration: 11ms -->
        </step><!-- duration: 1313ms -->
        <step title="Removing previous build artifact&apos;s manifest file" date="2025-10-21T19:14:51.498" >
          <step title="Start deployment in the background" date="2025-10-21T19:14:51.519" >
            <step title="Acquiring Deployment Lock" date="2025-10-21T19:14:51.547" /><!-- duration: 3ms -->
            <step title="Acquired Deployment Lock" date="2025-10-21T19:14:51.591" /><!-- duration: 1ms -->
          </step><!-- duration: 162ms -->
        </step><!-- duration: 195ms -->
        <step title="Outgoing response" date="2025-10-21T19:14:51.700" type="response" statusCode="202" statusText="Accepted" /><!-- duration: 3ms -->
      </step><!-- duration: 1565ms -->
