<step title="Incoming Request" date="2025-10-22T03:40:37.997" instance="c8e42a" url="/api/zipdeploy?isAsync=true" method="POST" type="request" pid="823,1,94" Accept="*/*" Host="pryysm-v2-dyfqbdd3g4gycnee.scm.uaenorth-01.azurewebsites.net" User-Agent="AZURECLI/2.77.0 (DEB)" Accept-Encoding="gzip, deflate" Authorization="Bea..." Cache-Control="no-cache" Content-Type="application/octet-stream" Content-Length="8501004" x-ms-client-request-id="d7321b82-aef8-11f0-a35e-6045bd071fe5" x-ms-artifact-checksum="a1d3da02f1f13f648282e62dd4640c73aabc730b8a8c91a7794f80ba2ba7866b" X-ARR-LOG-ID="d7321b82-aef8-11f0-a35e-6045bd071fe5" CLIENT-IP="13.83.217.49:53248" X-SITE-DEPLOYMENT-ID="PRYYSM-V2" WAS-DEFAULT-HOSTNAME="pryysm-v2-dyfqbdd3g4gycnee.scm.uaenorth-01.azurewebsites.net" X-Forwarded-Proto="https" X-AppService-Proto="https" X-Forwarded-TlsVersion="1.3" X-WAWS-Unencoded-URL="/api/zipdeploy?isAsync=true" X-Client-IP="13.83.217.49" X-Client-Port="53248" >
  <step title="Cleanup Xml Logs" date="2025-10-22T03:40:38.033" /><!-- duration: 13ms -->
  <step title="ZipPushDeploy" date="2025-10-22T03:40:38.209" >
    <step title="ZipDeploy. Extract zip." date="2025-10-22T03:40:38.240" /><!-- duration: 5ms -->
    <step title="Starting PushDeployAsync" date="2025-10-22T03:40:38.260" /><!-- duration: 4ms -->
    <step title="Removing node_modules symlink" date="2025-10-22T03:40:38.300" >
      <step title="Writing artifact to /tmp/zipdeploy/defbde24-586b-4b4f-946e-1a7f5af69ffe.zip" date="2025-10-22T03:40:38.379" >
        <step title="Writing multipart request body to /tmp/zipdeploy/defbde24-586b-4b4f-946e-1a7f5af69ffe.zip" date="2025-10-22T03:40:38.398" /><!-- duration: 9ms -->
      </step><!-- duration: 543ms -->
      <step title="Removing previous build artifact&apos;s manifest file" date="2025-10-22T03:40:38.928" >
        <step title="Start deployment in the background" date="2025-10-22T03:40:38.950" >
          <step title="Acquiring Deployment Lock" date="2025-10-22T03:40:38.994" /><!-- duration: 3ms -->
          <step title="Acquired Deployment Lock" date="2025-10-22T03:40:39.030" /><!-- duration: 2ms -->
        </step><!-- duration: 190ms -->
      </step><!-- duration: 225ms -->
      <step title="Outgoing response" date="2025-10-22T03:40:39.167" type="response" statusCode="202" statusText="Accepted" /><!-- duration: 3ms -->
    </step><!-- duration: 873ms -->
