<step title="BackgroundTrace" date="2025-10-22T04:13:36.231" instance="c8e42a" url="/api/zipdeploy" method="POST" >
  <step title="Creating temporary deployment - FetchDeploymentManager" date="2025-10-22T04:13:36.329" /><!-- duration: 4ms -->
  <step title="Creating temporary deployment" date="2025-10-22T04:13:36.349" /><!-- duration: 57ms -->
  <step title="Performing fetch based deployment" date="2025-10-22T04:13:36.461" >
    <step title="Cleaning up temp folders from previous zip deployments and extracting pushed zip file /tmp/zipdeploy/02056d8b-d0ae-4bea-96a5-3fd9de20cfca.zip (8.11 MB) to /tmp/zipdeploy/extracted" date="2025-10-22T04:13:37.752" >
      <step title="ChmodRecursive Process exited with total time taken in ms: 128" date="2025-10-22T04:13:39.886" /><!-- duration: 9ms -->
    </step><!-- duration: 2329ms -->
    <step title="Deployment timer started" date="2025-10-22T04:13:42.115" >
      <step title="DeploymentManager.Deploy(id:07a3ccb9-d3b4-40a9-afd1-c47cf9d529ab)" date="2025-10-22T04:13:42.125" >
        <step title="Collecting changeset information" date="2025-10-22T04:13:42.175" /><!-- duration: 199ms -->
        <step title="Updating submodules" date="2025-10-22T04:13:42.394" /><!-- duration: 1248ms -->
        <step title="Determining deployment builder" date="2025-10-22T04:13:44.022" >
          <step title="Builder is BasicBuilder" date="2025-10-22T04:13:44.082" /><!-- duration: 11ms -->
        </step><!-- duration: 93ms -->
        <step title="PreDeployment: context.CleanOutputPath False" date="2025-10-22T04:13:44.246" >
          <step title="PreDeployment: context.OutputPath /home/site/wwwroot" date="2025-10-22T04:13:44.537" >
            <step title="Building" date="2025-10-22T04:13:44.768" >
              <step title="Executing external process" date="2025-10-22T04:13:45.624" type="process" path="starter.sh" arguments="/opt/Kudu/Scripts/absoluteTar.sh /tmp/zipdeploy/extracted/node_modules /tmp/zipdeploy/extracted/node_modules.tar.gz" /><!-- duration: 5777ms -->
              <step title="Executing external process" date="2025-10-22T04:13:51.784" type="process" path="starter.sh" arguments="/opt/Kudu/Scripts/parallel_rsync.sh /tmp/zipdeploy/extracted /home/site/wwwroot 8 /tmp/ False True node_modules " /><!-- duration: 7956ms -->
              <step title="Triggering recycle (preview mode disabled)." date="2025-10-22T04:14:00.405" /><!-- duration: 8ms -->
              <step title="Modified file to trigger a restart of the app container." date="2025-10-22T04:14:00.446" /><!-- duration: 1ms -->
              <step title="Skip function trigger and logicapp sync because function is not enabled." date="2025-10-22T04:14:00.453" /><!-- duration: 9ms -->
              <step title="Purge deployment items" date="2025-10-22T04:14:01.467" >
                <step title="Remove 09e8dd5e-, Success, received at 10/21/2025 20:04:38" date="2025-10-22T04:14:01.568" /><!-- duration: 10ms -->
              </step><!-- duration: 120ms -->
            </step><!-- duration: 16942ms -->
          </step><!-- duration: 17202ms -->
          <step title="Cleaning up temp files" date="2025-10-22T04:14:01.741" /><!-- duration: 18ms -->
          <step title="Cleaning up temp files" date="2025-10-22T04:14:01.791" /><!-- duration: 521ms -->
          <step title="Reloading status file with latest updates" date="2025-10-22T04:14:02.382" >
            <step title="WebHooksManager.PublishEventAsync: PostDeployment" date="2025-10-22T04:14:02.402" /><!-- duration: 132ms -->
          </step><!-- duration: 162ms -->
          <step title="Cleaning up temporary deployment - fetch deployment was successful" date="2025-10-22T04:14:02.554" /><!-- duration: 8ms -->
        </step><!-- duration: 18438ms -->
      </step><!-- duration: 20628ms -->
