<step title="Incoming Request" date="2025-10-21T21:00:45.424" instance="c8e42a" url="/api/zipdeploy?isAsync=true" method="POST" type="request" pid="823,1,33" Accept="*/*" Host="pryysm-v2-dyfqbdd3g4gycnee.scm.uaenorth-01.azurewebsites.net" User-Agent="AZURECLI/2.77.0 (DEB)" Accept-Encoding="gzip, deflate" Authorization="Bea..." Cache-Control="no-cache" Content-Type="application/octet-stream" Content-Length="8500756" x-ms-client-request-id="fdca3d16-aec0-11f0-a35e-7c1e52e210fd" x-ms-artifact-checksum="dcbc21a0e4973b1a3dfc329fb67647b4b0861f7a8f552d77616b08aa1e291f87" X-ARR-LOG-ID="fdca3d16-aec0-11f0-a35e-7c1e52e210fd" CLIENT-IP="172.172.87.244:15392" X-SITE-DEPLOYMENT-ID="PRYYSM-V2" WAS-DEFAULT-HOSTNAME="pryysm-v2-dyfqbdd3g4gycnee.scm.uaenorth-01.azurewebsites.net" X-Forwarded-Proto="https" X-AppService-Proto="https" X-Forwarded-TlsVersion="1.3" X-WAWS-Unencoded-URL="/api/zipdeploy?isAsync=true" X-Client-IP="172.172.87.244" X-Client-Port="15392" >
  <step title="Cleanup Xml Logs" date="2025-10-21T21:00:45.427" /><!-- duration: 25ms -->
  <step title="ZipPushDeploy" date="2025-10-21T21:00:45.495" >
    <step title="ZipDeploy. Extract zip." date="2025-10-21T21:00:45.500" /><!-- duration: 2ms -->
    <step title="Starting PushDeployAsync" date="2025-10-21T21:00:45.509" /><!-- duration: 3ms -->
    <step title="Removing node_modules symlink" date="2025-10-21T21:00:45.529" >
      <step title="Writing artifact to /tmp/zipdeploy/14a68119-60a6-44e1-acef-1e38e9cef851.zip" date="2025-10-21T21:00:45.651" >
        <step title="Writing multipart request body to /tmp/zipdeploy/14a68119-60a6-44e1-acef-1e38e9cef851.zip" date="2025-10-21T21:00:45.660" /><!-- duration: 2ms -->
      </step><!-- duration: 1175ms -->
      <step title="Removing previous build artifact&apos;s manifest file" date="2025-10-21T21:00:46.831" >
        <step title="Start deployment in the background" date="2025-10-21T21:00:46.866" >
          <step title="Acquiring Deployment Lock" date="2025-10-21T21:00:46.915" /><!-- duration: 12ms -->
          <step title="Acquired Deployment Lock" date="2025-10-21T21:00:46.963" /><!-- duration: 2ms -->
        </step><!-- duration: 183ms -->
      </step><!-- duration: 230ms -->
      <step title="Outgoing response" date="2025-10-21T21:00:47.066" type="response" statusCode="202" statusText="Accepted" /><!-- duration: 2ms -->
    </step><!-- duration: 1540ms -->
