<step title="Incoming Request" date="2025-10-21T18:44:27.609" instance="c8e42a" url="/api/zipdeploy?isAsync=true" method="POST" type="request" pid="821,1,33" Accept="*/*" Host="pryysm-v2-dyfqbdd3g4gycnee.scm.uaenorth-01.azurewebsites.net" User-Agent="AZURECLI/2.77.0 (DEB)" Accept-Encoding="gzip, deflate" Authorization="Bea..." Cache-Control="no-cache" Content-Type="application/octet-stream" Content-Length="8498916" x-ms-client-request-id="f3973b36-aead-11f0-a35e-7ced8d084b0a" x-ms-artifact-checksum="22b73f7bb267fd8353905e25d34257727f42e6b6f752e4961d911274df2d3bc1" X-ARR-LOG-ID="f3973b36-aead-11f0-a35e-7ced8d084b0a" CLIENT-IP="132.196.19.23:16384" X-SITE-DEPLOYMENT-ID="PRYYSM-V2" WAS-DEFAULT-HOSTNAME="pryysm-v2-dyfqbdd3g4gycnee.scm.uaenorth-01.azurewebsites.net" X-Forwarded-Proto="https" X-AppService-Proto="https" X-Forwarded-TlsVersion="1.3" X-WAWS-Unencoded-URL="/api/zipdeploy?isAsync=true" X-Client-IP="132.196.19.23" X-Client-Port="16384" >
  <step title="Cleanup Xml Logs" date="2025-10-21T18:44:27.617" /><!-- duration: 15ms -->
  <step title="ZipPushDeploy" date="2025-10-21T18:44:27.659" >
    <step title="ZipDeploy. Extract zip." date="2025-10-21T18:44:27.666" /><!-- duration: 2ms -->
    <step title="Starting PushDeployAsync" date="2025-10-21T18:44:27.672" /><!-- duration: 2ms -->
    <step title="Removing node_modules symlink" date="2025-10-21T18:44:27.772" >
      <step title="Writing artifact to /tmp/zipdeploy/9504a5a9-6f05-4a3a-becf-3f80e2a5d681.zip" date="2025-10-21T18:44:28.003" >
        <step title="Writing multipart request body to /tmp/zipdeploy/9504a5a9-6f05-4a3a-becf-3f80e2a5d681.zip" date="2025-10-21T18:44:28.134" /><!-- duration: 19ms -->
      </step><!-- duration: 1352ms -->
      <step title="Removing previous build artifact&apos;s manifest file" date="2025-10-21T18:44:29.361" >
        <step title="Start deployment in the background" date="2025-10-21T18:44:29.390" >
          <step title="Acquiring Deployment Lock" date="2025-10-21T18:44:29.416" /><!-- duration: 2ms -->
          <step title="Acquired Deployment Lock" date="2025-10-21T18:44:29.454" /><!-- duration: 2ms -->
        </step><!-- duration: 189ms -->
      </step><!-- duration: 238ms -->
      <step title="Outgoing response" date="2025-10-21T18:44:29.608" type="response" statusCode="202" statusText="Accepted" /><!-- duration: 8ms -->
    </step><!-- duration: 1845ms -->
