<step title="Incoming Request" date="2025-10-21T20:04:30.578" instance="c8e42a" url="/api/zipdeploy?isAsync=true" method="POST" type="request" pid="823,1,5" Accept="*/*" Host="pryysm-v2-dyfqbdd3g4gycnee.scm.uaenorth-01.azurewebsites.net" User-Agent="AZURECLI/2.77.0 (DEB)" Accept-Encoding="gzip, deflate" Authorization="Bea..." Cache-Control="no-cache" Content-Type="application/octet-stream" Content-Length="8500042" x-ms-client-request-id="20e0b864-aeb9-11f0-a35e-6045bd369f39" x-ms-artifact-checksum="4e86974ac95d2d2268190abebcd348f19e4e4c16073feb47aeab7c8aa3f409d9" X-ARR-LOG-ID="20e0b864-aeb9-11f0-a35e-6045bd369f39" CLIENT-IP="52.154.131.98:13312" X-SITE-DEPLOYMENT-ID="PRYYSM-V2" WAS-DEFAULT-HOSTNAME="pryysm-v2-dyfqbdd3g4gycnee.scm.uaenorth-01.azurewebsites.net" X-Forwarded-Proto="https" X-AppService-Proto="https" X-Forwarded-TlsVersion="1.3" X-WAWS-Unencoded-URL="/api/zipdeploy?isAsync=true" X-Client-IP="52.154.131.98" X-Client-Port="13312" >
  <step title="ZipPushDeploy" date="2025-10-21T20:04:31.784" >
    <step title="ZipDeploy. Extract zip." date="2025-10-21T20:04:31.805" /><!-- duration: 1ms -->
    <step title="None repository commit" date="2025-10-21T20:04:31.813" >
      <step title="Commit id: 09e8dd5e-225d-42cc-b5ca-b3c57230dd30" date="2025-10-21T20:04:31.816" Message="N/A" AuthorName="N/A" AuthorEmail="N/A" /><!-- duration: 2ms -->
    </step><!-- duration: 6ms -->
    <step title="Starting PushDeployAsync" date="2025-10-21T20:04:31.823" /><!-- duration: 10ms -->
    <step title="Removing node_modules symlink" date="2025-10-21T20:04:31.884" >
      <step title="Removing _del_node_modules symlink" date="2025-10-21T20:04:32.044" >
        <step title="Writing artifact to /tmp/zipdeploy/58df0814-c67e-4771-b224-89def7ae9a0f.zip" date="2025-10-21T20:04:32.086" >
          <step title="Writing multipart request body to /tmp/zipdeploy/58df0814-c67e-4771-b224-89def7ae9a0f.zip" date="2025-10-21T20:04:32.096" /><!-- duration: 8ms -->
        </step><!-- duration: 392ms -->
        <step title="Removing previous build artifact&apos;s manifest file" date="2025-10-21T20:04:32.480" >
          <step title="Start deployment in the background" date="2025-10-21T20:04:32.508" >
            <step title="Acquiring Deployment Lock" date="2025-10-21T20:04:32.529" /><!-- duration: 18ms -->
            <step title="Acquired Deployment Lock" date="2025-10-21T20:04:32.611" /><!-- duration: 2ms -->
          </step><!-- duration: 181ms -->
        </step><!-- duration: 228ms -->
        <step title="Outgoing response" date="2025-10-21T20:04:32.770" type="response" statusCode="202" statusText="Accepted" /><!-- duration: 10ms -->
      </step><!-- duration: 736ms -->
