<step title="Incoming Request" date="2025-10-21T20:30:27.616" instance="c8e42a" url="/api/zipdeploy?isAsync=true" method="POST" type="request" pid="823,1,38" Accept="*/*" Host="pryysm-v2-dyfqbdd3g4gycnee.scm.uaenorth-01.azurewebsites.net" User-Agent="AZURECLI/2.77.0 (DEB)" Accept-Encoding="gzip, deflate" Authorization="Bea..." Cache-Control="no-cache" Content-Type="application/octet-stream" Content-Length="8500529" x-ms-client-request-id="c2e11b60-aebc-11f0-a35e-6045bdb7725e" x-ms-artifact-checksum="867f35364803b988c7498e617e860a562f3fad820fbe9b92fd710d46dfec88a2" X-ARR-LOG-ID="c2e11b60-aebc-11f0-a35e-6045bdb7725e" CLIENT-IP="20.55.213.116:27712" X-SITE-DEPLOYMENT-ID="PRYYSM-V2" WAS-DEFAULT-HOSTNAME="pryysm-v2-dyfqbdd3g4gycnee.scm.uaenorth-01.azurewebsites.net" X-Forwarded-Proto="https" X-AppService-Proto="https" X-Forwarded-TlsVersion="1.3" X-WAWS-Unencoded-URL="/api/zipdeploy?isAsync=true" X-Client-IP="20.55.213.116" X-Client-Port="27712" >
  <step title="Cleanup Xml Logs" date="2025-10-21T20:30:27.626" /><!-- duration: 12ms -->
  <step title="ZipPushDeploy" date="2025-10-21T20:30:27.939" >
    <step title="ZipDeploy. Extract zip." date="2025-10-21T20:30:27.948" /><!-- duration: 2ms -->
    <step title="Starting PushDeployAsync" date="2025-10-21T20:30:27.955" /><!-- duration: 2ms -->
    <step title="Removing node_modules symlink" date="2025-10-21T20:30:27.972" >
      <step title="Removing _del_node_modules symlink" date="2025-10-21T20:30:28.056" >
        <step title="Writing artifact to /tmp/zipdeploy/8418a657-71bc-4803-892c-e4673eebf433.zip" date="2025-10-21T20:30:28.101" >
          <step title="Writing multipart request body to /tmp/zipdeploy/8418a657-71bc-4803-892c-e4673eebf433.zip" date="2025-10-21T20:30:28.119" /><!-- duration: 3ms -->
        </step><!-- duration: 601ms -->
        <step title="Removing previous build artifact&apos;s manifest file" date="2025-10-21T20:30:28.713" >
          <step title="Start deployment in the background" date="2025-10-21T20:30:28.738" >
            <step title="Acquiring Deployment Lock" date="2025-10-21T20:30:28.786" /><!-- duration: 2ms -->
            <step title="Acquired Deployment Lock" date="2025-10-21T20:30:28.923" /><!-- duration: 11ms -->
          </step><!-- duration: 407ms -->
        </step><!-- duration: 441ms -->
        <step title="Outgoing response" date="2025-10-21T20:30:29.166" type="response" statusCode="202" statusText="Accepted" /><!-- duration: 10ms -->
      </step><!-- duration: 1124ms -->
