<step title="Incoming Request" date="2025-10-21T19:16:07.563" instance="c8e42a" url="/api/zipdeploy?isAsync=true" method="POST" type="request" pid="821,1,38" Accept="*/*" Host="pryysm-v2-dyfqbdd3g4gycnee.scm.uaenorth-01.azurewebsites.net" User-Agent="AZURECLI/2.77.0 (DEB)" Accept-Encoding="gzip, deflate" Authorization="Bea..." Cache-Control="no-cache" Content-Type="application/octet-stream" Content-Length="8498875" x-ms-client-request-id="5e3d94c2-aeb2-11f0-a35e-7ced8d835ac0" x-ms-artifact-checksum="12315533d7776fee35cb24889a3da3db010b66549602324ba678bb955512a5dd" X-ARR-LOG-ID="5e3d94c2-aeb2-11f0-a35e-7ced8d835ac0" CLIENT-IP="57.151.129.33:40960" X-SITE-DEPLOYMENT-ID="PRYYSM-V2" WAS-DEFAULT-HOSTNAME="pryysm-v2-dyfqbdd3g4gycnee.scm.uaenorth-01.azurewebsites.net" X-Forwarded-Proto="https" X-AppService-Proto="https" X-Forwarded-TlsVersion="1.3" X-WAWS-Unencoded-URL="/api/zipdeploy?isAsync=true" X-Client-IP="57.151.129.33" X-Client-Port="40960" >
  <step title="Cleanup Xml Logs" date="2025-10-21T19:16:07.584" /><!-- duration: 18ms -->
  <step title="ZipPushDeploy" date="2025-10-21T19:16:07.640" >
    <step title="ZipDeploy. Extract zip." date="2025-10-21T19:16:07.647" /><!-- duration: 9ms -->
    <step title="Starting PushDeployAsync" date="2025-10-21T19:16:07.664" /><!-- duration: 3ms -->
    <step title="Removing node_modules symlink" date="2025-10-21T19:16:07.696" >
      <step title="Writing artifact to /tmp/zipdeploy/a25acc5a-ee9d-40e7-9290-c14b15531177.zip" date="2025-10-21T19:16:07.827" >
        <step title="Writing multipart request body to /tmp/zipdeploy/a25acc5a-ee9d-40e7-9290-c14b15531177.zip" date="2025-10-21T19:16:07.858" /><!-- duration: 29ms -->
      </step><!-- duration: 413ms -->
      <step title="Removing previous build artifact&apos;s manifest file" date="2025-10-21T19:16:08.259" >
        <step title="Start deployment in the background" date="2025-10-21T19:16:08.264" >
          <step title="Acquiring Deployment Lock" date="2025-10-21T19:16:08.279" /><!-- duration: 2ms -->
          <step title="Acquired Deployment Lock" date="2025-10-21T19:16:08.343" /><!-- duration: 1ms -->
        </step><!-- duration: 148ms -->
      </step><!-- duration: 154ms -->
      <step title="Outgoing response" date="2025-10-21T19:16:08.415" type="response" statusCode="202" statusText="Accepted" /><!-- duration: 2ms -->
    </step><!-- duration: 726ms -->
