<step title="BackgroundTrace" date="2025-10-21T19:58:52.954" instance="c8e42a" url="/api/zipdeploy" method="POST" >
  <step title="Creating temporary deployment - FetchDeploymentManager" date="2025-10-21T19:58:53.061" /><!-- duration: 1ms -->
  <step title="Creating temporary deployment" date="2025-10-21T19:58:53.064" /><!-- duration: 60ms -->
  <step title="Performing fetch based deployment" date="2025-10-21T19:58:53.143" >
    <step title="Cleaning up temp folders from previous zip deployments and extracting pushed zip file /tmp/zipdeploy/386d8d19-0bc5-486e-958f-98b57b2ff095.zip (8.11 MB) to /tmp/zipdeploy/extracted" date="2025-10-21T19:58:54.304" >
      <step title="ChmodRecursive Process exited with total time taken in ms: 119" date="2025-10-21T19:58:56.175" /><!-- duration: 2ms -->
    </step><!-- duration: 1879ms -->
    <step title="Deployment timer started" date="2025-10-21T19:58:58.197" >
      <step title="DeploymentManager.Deploy(id:69a4e44e-43d2-4951-b62f-12c349e9135f)" date="2025-10-21T19:58:58.201" >
        <step title="Collecting changeset information" date="2025-10-21T19:58:58.220" /><!-- duration: 115ms -->
        <step title="Updating submodules" date="2025-10-21T19:58:58.338" /><!-- duration: 1141ms -->
        <step title="Determining deployment builder" date="2025-10-21T19:58:59.728" >
          <step title="Builder is BasicBuilder" date="2025-10-21T19:58:59.758" /><!-- duration: 2ms -->
        </step><!-- duration: 53ms -->
        <step title="PreDeployment: context.CleanOutputPath False" date="2025-10-21T19:59:00.644" >
          <step title="PreDeployment: context.OutputPath /home/site/wwwroot" date="2025-10-21T19:59:00.748" >
            <step title="Building" date="2025-10-21T19:59:00.903" >
              <step title="Executing external process" date="2025-10-21T19:59:01.715" type="process" path="starter.sh" arguments="/opt/Kudu/Scripts/absoluteTar.sh /tmp/zipdeploy/extracted/node_modules /tmp/zipdeploy/extracted/node_modules.tar.gz" /><!-- duration: 3167ms -->
              <step title="Executing external process" date="2025-10-21T19:59:05.290" type="process" path="starter.sh" arguments="/opt/Kudu/Scripts/parallel_rsync.sh /tmp/zipdeploy/extracted /home/site/wwwroot 8 /tmp/ False True node_modules " /><!-- duration: 7202ms -->
              <step title="Triggering recycle (preview mode disabled)." date="2025-10-21T19:59:13.074" /><!-- duration: 3ms -->
              <step title="Modified file to trigger a restart of the app container." date="2025-10-21T19:59:13.108" /><!-- duration: 3ms -->
              <step title="Skip function trigger and logicapp sync because function is not enabled." date="2025-10-21T19:59:13.125" /><!-- duration: 4ms -->
              <step title="Purge deployment items" date="2025-10-21T19:59:14.180" >
                <step title="Remove 8160c09c-, Success, received at 10/21/2025 18:44:36" date="2025-10-21T19:59:14.225" /><!-- duration: 1ms -->
              </step><!-- duration: 47ms -->
            </step><!-- duration: 13397ms -->
          </step><!-- duration: 13554ms -->
          <step title="Cleaning up temp files" date="2025-10-21T19:59:14.304" /><!-- duration: 3ms -->
          <step title="Cleaning up temp files" date="2025-10-21T19:59:14.312" /><!-- duration: 512ms -->
          <step title="Reloading status file with latest updates" date="2025-10-21T19:59:14.926" >
            <step title="WebHooksManager.PublishEventAsync: PostDeployment" date="2025-10-21T19:59:14.927" /><!-- duration: 34ms -->
          </step><!-- duration: 36ms -->
          <step title="Cleaning up temporary deployment - fetch deployment was successful" date="2025-10-21T19:59:14.972" /><!-- duration: 9ms -->
        </step><!-- duration: 14392ms -->
      </step><!-- duration: 16843ms -->
