<step title="Incoming Request" date="2025-10-21T18:54:52.392" instance="c8e42a" url="/api/zipdeploy?isAsync=true" method="POST" type="request" pid="821,1,38" Accept="*/*" Host="pryysm-v2-dyfqbdd3g4gycnee.scm.uaenorth-01.azurewebsites.net" User-Agent="AZURECLI/2.77.0 (DEB)" Accept-Encoding="gzip, deflate" Authorization="Bea..." Cache-Control="no-cache" Content-Type="application/octet-stream" Content-Length="8498971" x-ms-client-request-id="66699af4-aeaf-11f0-a35e-000d3a02b3a5" x-ms-artifact-checksum="d12f8cf1497d9d2cf9a41bfb2563c81233794bb6b08c9f28f94eef0d35237310" X-ARR-LOG-ID="66699af4-aeaf-11f0-a35e-000d3a02b3a5" CLIENT-IP="68.154.117.42:57384" X-SITE-DEPLOYMENT-ID="PRYYSM-V2" WAS-DEFAULT-HOSTNAME="pryysm-v2-dyfqbdd3g4gycnee.scm.uaenorth-01.azurewebsites.net" X-Forwarded-Proto="https" X-AppService-Proto="https" X-Forwarded-TlsVersion="1.3" X-WAWS-Unencoded-URL="/api/zipdeploy?isAsync=true" X-Client-IP="68.154.117.42" X-Client-Port="57384" >
  <step title="Cleanup Xml Logs" date="2025-10-21T18:54:52.416" /><!-- duration: 8ms -->
  <step title="ZipPushDeploy" date="2025-10-21T18:54:52.532" >
    <step title="ZipDeploy. Extract zip." date="2025-10-21T18:54:52.543" /><!-- duration: 2ms -->
    <step title="Starting PushDeployAsync" date="2025-10-21T18:54:52.549" /><!-- duration: 4ms -->
    <step title="Removing node_modules symlink" date="2025-10-21T18:54:52.595" >
      <step title="Writing artifact to /tmp/zipdeploy/15ae151a-2595-4e35-8f78-f0503c796b7a.zip" date="2025-10-21T18:54:52.796" >
        <step title="Writing multipart request body to /tmp/zipdeploy/15ae151a-2595-4e35-8f78-f0503c796b7a.zip" date="2025-10-21T18:54:52.839" /><!-- duration: 19ms -->
      </step><!-- duration: 827ms -->
      <step title="Removing previous build artifact&apos;s manifest file" date="2025-10-21T18:54:53.627" >
        <step title="Start deployment in the background" date="2025-10-21T18:54:53.641" >
          <step title="Acquiring Deployment Lock" date="2025-10-21T18:54:53.654" /><!-- duration: 8ms -->
          <step title="Acquired Deployment Lock" date="2025-10-21T18:54:53.729" /><!-- duration: 1ms -->
        </step><!-- duration: 235ms -->
      </step><!-- duration: 258ms -->
      <step title="Outgoing response" date="2025-10-21T18:54:53.891" type="response" statusCode="202" statusText="Accepted" /><!-- duration: 2ms -->
    </step><!-- duration: 1299ms -->
