<step title="Incoming Request" date="2025-10-21T20:55:47.263" instance="c8e42a" url="/api/zipdeploy?isAsync=true" method="POST" type="request" pid="823,1,17" Accept="*/*" Host="pryysm-v2-dyfqbdd3g4gycnee.scm.uaenorth-01.azurewebsites.net" User-Agent="AZURECLI/2.77.0 (DEB)" Accept-Encoding="gzip, deflate" Authorization="Bea..." Cache-Control="no-cache" Content-Type="application/octet-stream" Content-Length="8500574" x-ms-client-request-id="4b2131ce-aec0-11f0-a35e-00224803c31c" x-ms-artifact-checksum="c97e0def932a5934cd6393903d98bad8c971ba9e098d8a7b8f0fa57b444af8d3" X-ARR-LOG-ID="4b2131ce-aec0-11f0-a35e-00224803c31c" CLIENT-IP="52.190.141.36:48160" X-SITE-DEPLOYMENT-ID="PRYYSM-V2" WAS-DEFAULT-HOSTNAME="pryysm-v2-dyfqbdd3g4gycnee.scm.uaenorth-01.azurewebsites.net" X-Forwarded-Proto="https" X-AppService-Proto="https" X-Forwarded-TlsVersion="1.3" X-WAWS-Unencoded-URL="/api/zipdeploy?isAsync=true" X-Client-IP="52.190.141.36" X-Client-Port="48160" >
  <step title="Cleanup Xml Logs" date="2025-10-21T20:55:47.269" /><!-- duration: 9ms -->
  <step title="ZipPushDeploy" date="2025-10-21T20:55:47.289" >
    <step title="ZipDeploy. Extract zip." date="2025-10-21T20:55:47.301" /><!-- duration: 1ms -->
    <step title="Starting PushDeployAsync" date="2025-10-21T20:55:47.306" /><!-- duration: 2ms -->
    <step title="Removing node_modules symlink" date="2025-10-21T20:55:47.332" >
      <step title="Removing _del_node_modules symlink" date="2025-10-21T20:55:47.434" >
        <step title="Writing artifact to /tmp/zipdeploy/d2964461-60dd-4c19-a5ae-7d9b04639d2e.zip" date="2025-10-21T20:55:47.474" >
          <step title="Writing multipart request body to /tmp/zipdeploy/d2964461-60dd-4c19-a5ae-7d9b04639d2e.zip" date="2025-10-21T20:55:47.483" /><!-- duration: 2ms -->
        </step><!-- duration: 1728ms -->
        <step title="Removing previous build artifact&apos;s manifest file" date="2025-10-21T20:55:49.207" >
          <step title="Start deployment in the background" date="2025-10-21T20:55:49.225" >
            <step title="Acquiring Deployment Lock" date="2025-10-21T20:55:49.256" /><!-- duration: 7ms -->
            <step title="Acquired Deployment Lock" date="2025-10-21T20:55:49.295" /><!-- duration: 2ms -->
          </step><!-- duration: 195ms -->
        </step><!-- duration: 223ms -->
        <step title="Outgoing response" date="2025-10-21T20:55:49.433" type="response" statusCode="202" statusText="Accepted" /><!-- duration: 2ms -->
      </step><!-- duration: 2002ms -->
