<step title="BackgroundTrace" date="2025-10-21T20:04:32.510" instance="c8e42a" url="/api/zipdeploy" method="POST" >
  <step title="Creating temporary deployment - FetchDeploymentManager" date="2025-10-21T20:04:32.615" /><!-- duration: 1ms -->
  <step title="Creating temporary deployment" date="2025-10-21T20:04:32.619" /><!-- duration: 64ms -->
  <step title="Performing fetch based deployment" date="2025-10-21T20:04:32.807" >
    <step title="Cleaning up temp folders from previous zip deployments and extracting pushed zip file /tmp/zipdeploy/58df0814-c67e-4771-b224-89def7ae9a0f.zip (8.11 MB) to /tmp/zipdeploy/extracted" date="2025-10-21T20:04:33.981" >
      <step title="ChmodRecursive Process exited with total time taken in ms: 99" date="2025-10-21T20:04:36.234" /><!-- duration: 3ms -->
    </step><!-- duration: 2264ms -->
    <step title="Deployment timer started" date="2025-10-21T20:04:38.265" >
      <step title="DeploymentManager.Deploy(id:09e8dd5e-225d-42cc-b5ca-b3c57230dd30)" date="2025-10-21T20:04:38.296" >
        <step title="Collecting changeset information" date="2025-10-21T20:04:38.337" /><!-- duration: 173ms -->
        <step title="Updating submodules" date="2025-10-21T20:04:38.518" /><!-- duration: 1173ms -->
        <step title="Determining deployment builder" date="2025-10-21T20:04:39.895" >
          <step title="Builder is BasicBuilder" date="2025-10-21T20:04:39.914" /><!-- duration: 10ms -->
        </step><!-- duration: 31ms -->
        <step title="PreDeployment: context.CleanOutputPath False" date="2025-10-21T20:04:39.984" >
          <step title="PreDeployment: context.OutputPath /home/site/wwwroot" date="2025-10-21T20:04:40.115" >
            <step title="Building" date="2025-10-21T20:04:40.262" >
              <step title="Executing external process" date="2025-10-21T20:04:40.765" type="process" path="starter.sh" arguments="/opt/Kudu/Scripts/absoluteTar.sh /tmp/zipdeploy/extracted/node_modules /tmp/zipdeploy/extracted/node_modules.tar.gz" /><!-- duration: 3353ms -->
              <step title="Executing external process" date="2025-10-21T20:04:44.427" type="process" path="starter.sh" arguments="/opt/Kudu/Scripts/parallel_rsync.sh /tmp/zipdeploy/extracted /home/site/wwwroot 8 /tmp/ False True node_modules " /><!-- duration: 12487ms -->
              <step title="Triggering recycle (preview mode disabled)." date="2025-10-21T20:04:57.630" /><!-- duration: 7ms -->
              <step title="Modified file to trigger a restart of the app container." date="2025-10-21T20:04:57.696" /><!-- duration: 12ms -->
              <step title="Skip function trigger and logicapp sync because function is not enabled." date="2025-10-21T20:04:57.768" /><!-- duration: 8ms -->
              <step title="Purge deployment items" date="2025-10-21T20:04:59.154" >
                <step title="Remove cde3d980-, Success, received at 10/21/2025 18:54:59" date="2025-10-21T20:04:59.264" /><!-- duration: 12ms -->
              </step><!-- duration: 131ms -->
            </step><!-- duration: 19135ms -->
          </step><!-- duration: 19319ms -->
          <step title="Cleaning up temp files" date="2025-10-21T20:04:59.437" /><!-- duration: 9ms -->
          <step title="Cleaning up temp files" date="2025-10-21T20:04:59.485" /><!-- duration: 533ms -->
          <step title="Reloading status file with latest updates" date="2025-10-21T20:05:00.118" >
            <step title="WebHooksManager.PublishEventAsync: PostDeployment" date="2025-10-21T20:05:00.131" /><!-- duration: 350ms -->
          </step><!-- duration: 373ms -->
          <step title="Cleaning up temporary deployment - fetch deployment was successful" date="2025-10-21T20:05:00.530" /><!-- duration: 10ms -->
        </step><!-- duration: 20649ms -->
      </step><!-- duration: 22385ms -->
