<step title="Incoming Request" date="2025-10-21T19:53:22.335" instance="c8e42a" url="/api/zipdeploy?isAsync=true" method="POST" type="request" pid="821,1,24" Accept="*/*" Host="pryysm-v2-dyfqbdd3g4gycnee.scm.uaenorth-01.azurewebsites.net" User-Agent="AZURECLI/2.77.0 (DEB)" Accept-Encoding="gzip, deflate" Authorization="Bea..." Cache-Control="no-cache" Content-Type="application/octet-stream" Content-Length="8500140" x-ms-client-request-id="93ab302e-aeb7-11f0-a35e-7ced8d7bc6e3" x-ms-artifact-checksum="40dacc86c69bbd70f02105946a8ea437790317a2c1ab2d87793c567fefa8e1e8" X-ARR-LOG-ID="93ab302e-aeb7-11f0-a35e-7ced8d7bc6e3" CLIENT-IP="64.236.200.100:35840" X-SITE-DEPLOYMENT-ID="PRYYSM-V2" WAS-DEFAULT-HOSTNAME="pryysm-v2-dyfqbdd3g4gycnee.scm.uaenorth-01.azurewebsites.net" X-Forwarded-Proto="https" X-AppService-Proto="https" X-Forwarded-TlsVersion="1.3" X-WAWS-Unencoded-URL="/api/zipdeploy?isAsync=true" X-Client-IP="64.236.200.100" X-Client-Port="35840" >
  <step title="Cleanup Xml Logs" date="2025-10-21T19:53:22.340" /><!-- duration: 8ms -->
  <step title="ZipPushDeploy" date="2025-10-21T19:53:22.430" >
    <step title="ZipDeploy. Extract zip." date="2025-10-21T19:53:22.437" /><!-- duration: 1ms -->
    <step title="Starting PushDeployAsync" date="2025-10-21T19:53:22.443" /><!-- duration: 1ms -->
    <step title="Removing node_modules symlink" date="2025-10-21T19:53:22.460" >
      <step title="Writing artifact to /tmp/zipdeploy/e46102a5-a01d-4618-9095-a66da31dc356.zip" date="2025-10-21T19:53:22.644" >
        <step title="Writing multipart request body to /tmp/zipdeploy/e46102a5-a01d-4618-9095-a66da31dc356.zip" date="2025-10-21T19:53:22.651" /><!-- duration: 11ms -->
      </step><!-- duration: 445ms -->
      <step title="Removing previous build artifact&apos;s manifest file" date="2025-10-21T19:53:23.092" >
        <step title="Start deployment in the background" date="2025-10-21T19:53:23.109" >
          <step title="Acquiring Deployment Lock" date="2025-10-21T19:53:23.131" /><!-- duration: 2ms -->
          <step title="Acquired Deployment Lock" date="2025-10-21T19:53:23.163" /><!-- duration: 1ms -->
        </step><!-- duration: 152ms -->
      </step><!-- duration: 185ms -->
      <step title="Outgoing response" date="2025-10-21T19:53:23.291" type="response" statusCode="202" statusText="Accepted" /><!-- duration: 2ms -->
    </step><!-- duration: 834ms -->
