<step title="BackgroundTrace" date="2025-10-21T19:14:51.521" instance="c8e42a" url="/api/zipdeploy" method="POST" >
  <step title="Creating temporary deployment - FetchDeploymentManager" date="2025-10-21T19:14:51.594" /><!-- duration: 1ms -->
  <step title="Creating temporary deployment" date="2025-10-21T19:14:51.597" /><!-- duration: 82ms -->
  <step title="Performing fetch based deployment" date="2025-10-21T19:14:51.712" >
    <step title="Cleaning up temp folders from previous zip deployments and extracting pushed zip file /tmp/zipdeploy/6cb376ec-f626-4d5e-b3fa-6f47a307be82.zip (8.11 MB) to /tmp/zipdeploy/extracted" date="2025-10-21T19:14:52.914" >
      <step title="ChmodRecursive Process exited with total time taken in ms: 120" date="2025-10-21T19:14:54.880" /><!-- duration: 1ms -->
    </step><!-- duration: 1977ms -->
    <step title="Deployment timer started" date="2025-10-21T19:14:56.922" >
      <step title="DeploymentManager.Deploy(id:14127671-e8ad-4d8a-b75b-cc8e6b11dddc)" date="2025-10-21T19:14:56.926" >
        <step title="Collecting changeset information" date="2025-10-21T19:14:56.956" /><!-- duration: 141ms -->
        <step title="Updating submodules" date="2025-10-21T19:14:57.101" /><!-- duration: 1114ms -->
        <step title="Determining deployment builder" date="2025-10-21T19:14:58.452" >
          <step title="Builder is BasicBuilder" date="2025-10-21T19:14:58.459" /><!-- duration: 3ms -->
        </step><!-- duration: 12ms -->
        <step title="PreDeployment: context.CleanOutputPath False" date="2025-10-21T19:14:58.519" >
          <step title="PreDeployment: context.OutputPath /home/site/wwwroot" date="2025-10-21T19:14:58.655" >
            <step title="Building" date="2025-10-21T19:14:58.807" >
              <step title="Executing external process" date="2025-10-21T19:14:59.442" type="process" path="starter.sh" arguments="/opt/Kudu/Scripts/absoluteTar.sh /tmp/zipdeploy/extracted/node_modules /tmp/zipdeploy/extracted/node_modules.tar.gz" /><!-- duration: 6537ms -->
              <step title="Executing external process" date="2025-10-21T19:15:06.265" type="process" path="starter.sh" arguments="/opt/Kudu/Scripts/parallel_rsync.sh /tmp/zipdeploy/extracted /home/site/wwwroot 8 /tmp/ False True node_modules " /><!-- duration: 6998ms -->
              <step title="Triggering recycle (preview mode disabled)." date="2025-10-21T19:15:13.859" /><!-- duration: 3ms -->
              <step title="Modified file to trigger a restart of the app container." date="2025-10-21T19:15:13.900" /><!-- duration: 1ms -->
              <step title="Skip function trigger and logicapp sync because function is not enabled." date="2025-10-21T19:15:13.921" /><!-- duration: 10ms -->
            </step><!-- duration: 16116ms -->
          </step><!-- duration: 16295ms -->
          <step title="Cleaning up temp files" date="2025-10-21T19:15:14.952" /><!-- duration: 3ms -->
          <step title="Cleaning up temp files" date="2025-10-21T19:15:14.975" /><!-- duration: 522ms -->
          <step title="Reloading status file with latest updates" date="2025-10-21T19:15:15.560" >
            <step title="WebHooksManager.PublishEventAsync: PostDeployment" date="2025-10-21T19:15:15.578" /><!-- duration: 173ms -->
          </step><!-- duration: 193ms -->
          <step title="Cleaning up temporary deployment - fetch deployment was successful" date="2025-10-21T19:15:15.763" /><!-- duration: 9ms -->
        </step><!-- duration: 17372ms -->
      </step><!-- duration: 18995ms -->
