<step title="BackgroundTrace" date="2025-10-21T19:53:23.117" instance="c8e42a" url="/api/zipdeploy" method="POST" >
  <step title="Creating temporary deployment - FetchDeploymentManager" date="2025-10-21T19:53:23.171" /><!-- duration: 1ms -->
  <step title="Creating temporary deployment" date="2025-10-21T19:53:23.175" /><!-- duration: 86ms -->
  <step title="Performing fetch based deployment" date="2025-10-21T19:53:23.301" >
    <step title="Cleaning up temp folders from previous zip deployments and extracting pushed zip file /tmp/zipdeploy/e46102a5-a01d-4618-9095-a66da31dc356.zip (8.11 MB) to /tmp/zipdeploy/extracted" date="2025-10-21T19:53:24.491" >
      <step title="ChmodRecursive Process exited with total time taken in ms: 119" date="2025-10-21T19:53:26.668" /><!-- duration: 2ms -->
    </step><!-- duration: 2195ms -->
    <step title="Deployment timer started" date="2025-10-21T19:53:28.715" >
      <step title="DeploymentManager.Deploy(id:fe6fb369-cbe7-497b-8389-9ab6155a1683)" date="2025-10-21T19:53:28.722" >
        <step title="Collecting changeset information" date="2025-10-21T19:53:28.750" /><!-- duration: 137ms -->
        <step title="Updating submodules" date="2025-10-21T19:53:28.890" /><!-- duration: 1145ms -->
        <step title="Determining deployment builder" date="2025-10-21T19:53:30.242" >
          <step title="Builder is BasicBuilder" date="2025-10-21T19:53:30.252" /><!-- duration: 11ms -->
        </step><!-- duration: 24ms -->
        <step title="PreDeployment: context.CleanOutputPath False" date="2025-10-21T19:53:30.341" >
          <step title="PreDeployment: context.OutputPath /home/site/wwwroot" date="2025-10-21T19:53:30.441" >
            <step title="Building" date="2025-10-21T19:53:30.566" >
              <step title="Executing external process" date="2025-10-21T19:53:31.344" type="process" path="starter.sh" arguments="/opt/Kudu/Scripts/absoluteTar.sh /tmp/zipdeploy/extracted/node_modules /tmp/zipdeploy/extracted/node_modules.tar.gz" /><!-- duration: 3200ms -->
              <step title="Executing external process" date="2025-10-21T19:53:34.776" type="process" path="starter.sh" arguments="/opt/Kudu/Scripts/parallel_rsync.sh /tmp/zipdeploy/extracted /home/site/wwwroot 8 /tmp/ False True node_modules " /><!-- duration: 6857ms -->
              <step title="Triggering recycle (preview mode disabled)." date="2025-10-21T19:53:42.260" /><!-- duration: 16ms -->
              <step title="Modified file to trigger a restart of the app container." date="2025-10-21T19:53:42.306" /><!-- duration: 1ms -->
              <step title="Skip function trigger and logicapp sync because function is not enabled." date="2025-10-21T19:53:42.324" /><!-- duration: 10ms -->
              <step title="Purge deployment items" date="2025-10-21T19:53:43.331" >
                <step title="Remove 1bb0f0a5-, Success, received at 10/21/2025 18:17:45" date="2025-10-21T19:53:43.381" /><!-- duration: 1ms -->
              </step><!-- duration: 53ms -->
            </step><!-- duration: 12912ms -->
          </step><!-- duration: 13047ms -->
          <step title="Cleaning up temp files" date="2025-10-21T19:53:43.489" /><!-- duration: 5ms -->
          <step title="Cleaning up temp files" date="2025-10-21T19:53:43.502" /><!-- duration: 521ms -->
          <step title="Reloading status file with latest updates" date="2025-10-21T19:53:44.041" >
            <step title="WebHooksManager.PublishEventAsync: PostDeployment" date="2025-10-21T19:53:44.044" /><!-- duration: 52ms -->
          </step><!-- duration: 56ms -->
          <step title="Cleaning up temporary deployment - fetch deployment was successful" date="2025-10-21T19:53:44.101" /><!-- duration: 1ms -->
        </step><!-- duration: 13825ms -->
      </step><!-- duration: 15459ms -->
