<step title="Incoming Request" date="2025-10-22T04:02:18.859" instance="c8e42a" url="/api/zipdeploy?isAsync=true" method="POST" type="request" pid="823,1,65" Accept="*/*" Host="pryysm-v2-dyfqbdd3g4gycnee.scm.uaenorth-01.azurewebsites.net" User-Agent="AZURECLI/2.77.0 (DEB)" Accept-Encoding="gzip, deflate" Authorization="Bea..." Cache-Control="no-cache" Content-Type="application/octet-stream" Content-Length="8502163" x-ms-client-request-id="de19d720-aefb-11f0-a35e-7c1e5205877c" x-ms-artifact-checksum="26ba0f8ad68ad758ae30894466a6bf10d6dfe955d1165310a37c4de2d1681234" X-ARR-LOG-ID="de19d720-aefb-11f0-a35e-7c1e5205877c" CLIENT-IP="20.171.125.211:43032" X-SITE-DEPLOYMENT-ID="PRYYSM-V2" WAS-DEFAULT-HOSTNAME="pryysm-v2-dyfqbdd3g4gycnee.scm.uaenorth-01.azurewebsites.net" X-Forwarded-Proto="https" X-AppService-Proto="https" X-Forwarded-TlsVersion="1.3" X-WAWS-Unencoded-URL="/api/zipdeploy?isAsync=true" X-Client-IP="20.171.125.211" X-Client-Port="43032" >
  <step title="Cleanup Xml Logs" date="2025-10-22T04:02:18.910" /><!-- duration: 70ms -->
  <step title="ZipPushDeploy" date="2025-10-22T04:02:19.564" >
    <step title="ZipDeploy. Extract zip." date="2025-10-22T04:02:19.643" /><!-- duration: 10ms -->
    <step title="Starting PushDeployAsync" date="2025-10-22T04:02:19.675" /><!-- duration: 9ms -->
    <step title="Removing node_modules symlink" date="2025-10-22T04:02:19.764" >
      <step title="Writing artifact to /tmp/zipdeploy/98e5486f-7376-4ad6-809b-9c39f73de11f.zip" date="2025-10-22T04:02:20.177" >
        <step title="Writing multipart request body to /tmp/zipdeploy/98e5486f-7376-4ad6-809b-9c39f73de11f.zip" date="2025-10-22T04:02:20.218" /><!-- duration: 10ms -->
      </step><!-- duration: 2153ms -->
      <step title="Removing previous build artifact&apos;s manifest file" date="2025-10-22T04:02:22.351" >
        <step title="Start deployment in the background" date="2025-10-22T04:02:22.429" >
          <step title="Acquiring Deployment Lock" date="2025-10-22T04:02:22.561" /><!-- duration: 2ms -->
          <step title="Acquired Deployment Lock" date="2025-10-22T04:02:22.641" /><!-- duration: 2ms -->
        </step><!-- duration: 374ms -->
      </step><!-- duration: 484ms -->
      <step title="Outgoing response" date="2025-10-22T04:02:22.872" type="response" statusCode="202" statusText="Accepted" /><!-- duration: 2ms -->
    </step><!-- duration: 3111ms -->
