<step title="BackgroundTrace" date="2025-10-21T19:22:27.746" instance="c8e42a" url="/api/zipdeploy" method="POST" >
  <step title="Creating temporary deployment - FetchDeploymentManager" date="2025-10-21T19:22:27.807" /><!-- duration: 1ms -->
  <step title="Creating temporary deployment" date="2025-10-21T19:22:27.812" /><!-- duration: 97ms -->
  <step title="Performing fetch based deployment" date="2025-10-21T19:22:27.941" >
    <step title="Cleaning up temp folders from previous zip deployments and extracting pushed zip file /tmp/zipdeploy/d55fa059-8fd5-496d-b49f-5eb5ca43b69e.zip (8.11 MB) to /tmp/zipdeploy/extracted" date="2025-10-21T19:22:29.137" >
      <step title="ChmodRecursive Process exited with total time taken in ms: 211" date="2025-10-21T19:22:31.507" /><!-- duration: 9ms -->
    </step><!-- duration: 2390ms -->
    <step title="Deployment timer started" date="2025-10-21T19:22:33.569" >
      <step title="DeploymentManager.Deploy(id:36db3856-420d-4410-97b1-7a22819e5a49)" date="2025-10-21T19:22:33.587" >
        <step title="Collecting changeset information" date="2025-10-21T19:22:33.611" /><!-- duration: 123ms -->
        <step title="Updating submodules" date="2025-10-21T19:22:33.736" /><!-- duration: 1123ms -->
        <step title="Determining deployment builder" date="2025-10-21T19:22:35.085" >
          <step title="Builder is BasicBuilder" date="2025-10-21T19:22:35.107" /><!-- duration: 9ms -->
        </step><!-- duration: 40ms -->
        <step title="PreDeployment: context.CleanOutputPath False" date="2025-10-21T19:22:35.185" >
          <step title="PreDeployment: context.OutputPath /home/site/wwwroot" date="2025-10-21T19:22:35.300" >
            <step title="Building" date="2025-10-21T19:22:35.437" >
              <step title="Executing external process" date="2025-10-21T19:22:35.952" type="process" path="starter.sh" arguments="/opt/Kudu/Scripts/absoluteTar.sh /tmp/zipdeploy/extracted/node_modules /tmp/zipdeploy/extracted/node_modules.tar.gz" /><!-- duration: 2875ms -->
              <step title="Executing external process" date="2025-10-21T19:22:39.112" type="process" path="starter.sh" arguments="/opt/Kudu/Scripts/parallel_rsync.sh /tmp/zipdeploy/extracted /home/site/wwwroot 8 /tmp/ False True node_modules " /><!-- duration: 7432ms -->
              <step title="Triggering recycle (preview mode disabled)." date="2025-10-21T19:22:47.167" /><!-- duration: 9ms -->
              <step title="Modified file to trigger a restart of the app container." date="2025-10-21T19:22:47.206" /><!-- duration: 2ms -->
              <step title="Skip function trigger and logicapp sync because function is not enabled." date="2025-10-21T19:22:47.236" /><!-- duration: 2ms -->
            </step><!-- duration: 12859ms -->
          </step><!-- duration: 13009ms -->
          <step title="Cleaning up temp files" date="2025-10-21T19:22:48.311" /><!-- duration: 3ms -->
          <step title="Cleaning up temp files" date="2025-10-21T19:22:48.319" /><!-- duration: 523ms -->
          <step title="Reloading status file with latest updates" date="2025-10-21T19:22:48.887" >
            <step title="WebHooksManager.PublishEventAsync: PostDeployment" date="2025-10-21T19:22:48.891" /><!-- duration: 49ms -->
          </step><!-- duration: 54ms -->
          <step title="Cleaning up temporary deployment - fetch deployment was successful" date="2025-10-21T19:22:48.945" /><!-- duration: 1ms -->
        </step><!-- duration: 13814ms -->
      </step><!-- duration: 15418ms -->
