<step title="BackgroundTrace" date="2025-10-21T19:29:27.038" instance="c8e42a" url="/api/zipdeploy" method="POST" >
  <step title="Creating temporary deployment - FetchDeploymentManager" date="2025-10-21T19:29:27.081" /><!-- duration: 1ms -->
  <step title="Creating temporary deployment" date="2025-10-21T19:29:27.084" /><!-- duration: 54ms -->
  <step title="Performing fetch based deployment" date="2025-10-21T19:29:27.161" >
    <step title="Cleaning up temp folders from previous zip deployments and extracting pushed zip file /tmp/zipdeploy/49493291-4919-427b-997f-37c6d36a4a5a.zip (8.11 MB) to /tmp/zipdeploy/extracted" date="2025-10-21T19:29:28.308" >
      <step title="ChmodRecursive Process exited with total time taken in ms: 103" date="2025-10-21T19:29:30.270" /><!-- duration: 2ms -->
    </step><!-- duration: 1971ms -->
    <step title="Deployment timer started" date="2025-10-21T19:29:32.283" >
      <step title="DeploymentManager.Deploy(id:b210bf5e-e40a-4b9d-a74f-bcadf59e32e1)" date="2025-10-21T19:29:32.285" >
        <step title="Collecting changeset information" date="2025-10-21T19:29:32.308" /><!-- duration: 129ms -->
        <step title="Updating submodules" date="2025-10-21T19:29:32.440" /><!-- duration: 1117ms -->
        <step title="Determining deployment builder" date="2025-10-21T19:29:33.780" >
          <step title="Builder is BasicBuilder" date="2025-10-21T19:29:33.797" /><!-- duration: 10ms -->
        </step><!-- duration: 29ms -->
        <step title="PreDeployment: context.CleanOutputPath False" date="2025-10-21T19:29:33.873" >
          <step title="PreDeployment: context.OutputPath /home/site/wwwroot" date="2025-10-21T19:29:34.267" >
            <step title="Building" date="2025-10-21T19:29:34.419" >
              <step title="Executing external process" date="2025-10-21T19:29:34.951" type="process" path="starter.sh" arguments="/opt/Kudu/Scripts/absoluteTar.sh /tmp/zipdeploy/extracted/node_modules /tmp/zipdeploy/extracted/node_modules.tar.gz" /><!-- duration: 3817ms -->
              <step title="Executing external process" date="2025-10-21T19:29:39.239" type="process" path="starter.sh" arguments="/opt/Kudu/Scripts/parallel_rsync.sh /tmp/zipdeploy/extracted /home/site/wwwroot 8 /tmp/ False True node_modules " /><!-- duration: 7183ms -->
              <step title="Triggering recycle (preview mode disabled)." date="2025-10-21T19:29:47.039" /><!-- duration: 4ms -->
              <step title="Modified file to trigger a restart of the app container." date="2025-10-21T19:29:47.088" /><!-- duration: 1ms -->
              <step title="Skip function trigger and logicapp sync because function is not enabled." date="2025-10-21T19:29:47.094" /><!-- duration: 2ms -->
              <step title="Purge deployment items" date="2025-10-21T19:29:48.194" >
                <step title="Remove a0a40a9c-, Success, received at 10/21/2025 16:00:00" date="2025-10-21T19:29:48.240" /><!-- duration: 1ms -->
              </step><!-- duration: 48ms -->
            </step><!-- duration: 13895ms -->
          </step><!-- duration: 14049ms -->
          <step title="Cleaning up temp files" date="2025-10-21T19:29:48.317" /><!-- duration: 2ms -->
          <step title="Cleaning up temp files" date="2025-10-21T19:29:48.330" /><!-- duration: 520ms -->
          <step title="Reloading status file with latest updates" date="2025-10-21T19:29:48.888" >
            <step title="WebHooksManager.PublishEventAsync: PostDeployment" date="2025-10-21T19:29:48.892" /><!-- duration: 30ms -->
          </step><!-- duration: 38ms -->
          <step title="Cleaning up temporary deployment - fetch deployment was successful" date="2025-10-21T19:29:48.929" /><!-- duration: 1ms -->
        </step><!-- duration: 15116ms -->
      </step><!-- duration: 16711ms -->
