<step title="Incoming Request" date="2025-10-22T04:32:12.347" instance="c8e42a" url="/api/zipdeploy?isAsync=true" method="POST" type="request" pid="823,1,26" Accept="*/*" Host="pryysm-v2-dyfqbdd3g4gycnee.scm.uaenorth-01.azurewebsites.net" User-Agent="AZURECLI/2.77.0 (DEB)" Accept-Encoding="gzip, deflate" Authorization="Bea..." Cache-Control="no-cache" Content-Type="application/octet-stream" Content-Length="8504776" x-ms-client-request-id="0ca3f3b0-af00-11f0-a35e-6045bdaa006e" x-ms-artifact-checksum="a5d049fc3a8a3726471be928f8c20e222b30a8889ddff16aacc94bfa41d921c6" X-ARR-LOG-ID="0ca3f3b0-af00-11f0-a35e-6045bdaa006e" CLIENT-IP="172.182.226.23:49152" X-SITE-DEPLOYMENT-ID="PRYYSM-V2" WAS-DEFAULT-HOSTNAME="pryysm-v2-dyfqbdd3g4gycnee.scm.uaenorth-01.azurewebsites.net" X-Forwarded-Proto="https" X-AppService-Proto="https" X-Forwarded-TlsVersion="1.3" X-WAWS-Unencoded-URL="/api/zipdeploy?isAsync=true" X-Client-IP="172.182.226.23" X-Client-Port="49152" >
  <step title="Cleanup Xml Logs" date="2025-10-22T04:32:12.380" /><!-- duration: 57ms -->
  <step title="ZipPushDeploy" date="2025-10-22T04:32:13.052" >
    <step title="ZipDeploy. Extract zip." date="2025-10-22T04:32:13.081" /><!-- duration: 2ms -->
    <step title="Starting PushDeployAsync" date="2025-10-22T04:32:13.121" /><!-- duration: 13ms -->
    <step title="Removing node_modules symlink" date="2025-10-22T04:32:13.223" >
      <step title="Writing artifact to /tmp/zipdeploy/ba39a097-5771-4d05-8cc1-17a31632bb03.zip" date="2025-10-22T04:32:13.945" >
        <step title="Writing multipart request body to /tmp/zipdeploy/ba39a097-5771-4d05-8cc1-17a31632bb03.zip" date="2025-10-22T04:32:13.995" /><!-- duration: 23ms -->
      </step><!-- duration: 1377ms -->
      <step title="Removing previous build artifact&apos;s manifest file" date="2025-10-22T04:32:15.343" >
        <step title="Start deployment in the background" date="2025-10-22T04:32:15.515" >
          <step title="Acquiring Deployment Lock" date="2025-10-22T04:32:15.734" /><!-- duration: 21ms -->
          <step title="Acquired Deployment Lock" date="2025-10-22T04:32:15.875" /><!-- duration: 32ms -->
        </step><!-- duration: 1166ms -->
      </step><!-- duration: 1529ms -->
      <step title="Outgoing response" date="2025-10-22T04:32:16.911" type="response" statusCode="202" statusText="Accepted" /><!-- duration: 9ms -->
    </step><!-- duration: 3699ms -->
