<step title="Incoming Request" date="2025-10-21T20:18:21.401" instance="c8e42a" url="/api/zipdeploy?isAsync=true" method="POST" type="request" pid="823,1,31" Accept="*/*" Host="pryysm-v2-dyfqbdd3g4gycnee.scm.uaenorth-01.azurewebsites.net" User-Agent="AZURECLI/2.77.0 (DEB)" Accept-Encoding="gzip, deflate" Authorization="Bea..." Cache-Control="no-cache" Content-Type="application/octet-stream" Content-Length="8499525" x-ms-client-request-id="11fe6e34-aebb-11f0-a35e-6045bd3592b3" x-ms-artifact-checksum="84fc0e2c0cbb7bc54bbbfd142e864d4d946bef19ebb218977948093bd9a6ac13" X-ARR-LOG-ID="11fe6e34-aebb-11f0-a35e-6045bd3592b3" CLIENT-IP="52.173.178.216:59448" X-SITE-DEPLOYMENT-ID="PRYYSM-V2" WAS-DEFAULT-HOSTNAME="pryysm-v2-dyfqbdd3g4gycnee.scm.uaenorth-01.azurewebsites.net" X-Forwarded-Proto="https" X-AppService-Proto="https" X-Forwarded-TlsVersion="1.3" X-WAWS-Unencoded-URL="/api/zipdeploy?isAsync=true" X-Client-IP="52.173.178.216" X-Client-Port="59448" >
  <step title="Cleanup Xml Logs" date="2025-10-21T20:18:21.402" /><!-- duration: 9ms -->
  <step title="ZipPushDeploy" date="2025-10-21T20:18:21.422" >
    <step title="ZipDeploy. Extract zip." date="2025-10-21T20:18:21.430" /><!-- duration: 2ms -->
    <step title="Starting PushDeployAsync" date="2025-10-21T20:18:21.434" /><!-- duration: 1ms -->
    <step title="Removing node_modules symlink" date="2025-10-21T20:18:21.452" >
      <step title="Writing artifact to /tmp/zipdeploy/fbafadf3-7b11-4b5e-8b72-b82107d0cb1d.zip" date="2025-10-21T20:18:21.492" >
        <step title="Writing multipart request body to /tmp/zipdeploy/fbafadf3-7b11-4b5e-8b72-b82107d0cb1d.zip" date="2025-10-21T20:18:21.494" /><!-- duration: 7ms -->
      </step><!-- duration: 917ms -->
      <step title="Removing previous build artifact&apos;s manifest file" date="2025-10-21T20:18:22.413" >
        <step title="Start deployment in the background" date="2025-10-21T20:18:22.427" >
          <step title="Acquiring Deployment Lock" date="2025-10-21T20:18:22.447" /><!-- duration: 2ms -->
          <step title="Acquired Deployment Lock" date="2025-10-21T20:18:22.466" /><!-- duration: 1ms -->
        </step><!-- duration: 104ms -->
      </step><!-- duration: 119ms -->
      <step title="Outgoing response" date="2025-10-21T20:18:22.534" type="response" statusCode="202" statusText="Accepted" /><!-- duration: 1ms -->
    </step><!-- duration: 1086ms -->
