<step title="BackgroundTrace" date="2025-10-21T18:44:29.394" instance="c8e42a" url="/api/zipdeploy" method="POST" >
  <step title="Creating temporary deployment - FetchDeploymentManager" date="2025-10-21T18:44:29.459" /><!-- duration: 1ms -->
  <step title="Creating temporary deployment" date="2025-10-21T18:44:29.464" /><!-- duration: 112ms -->
  <step title="Performing fetch based deployment" date="2025-10-21T18:44:29.623" >
    <step title="Cleaning up temp folders from previous zip deployments and extracting pushed zip file /tmp/zipdeploy/9504a5a9-6f05-4a3a-becf-3f80e2a5d681.zip (8.11 MB) to /tmp/zipdeploy/extracted" date="2025-10-21T18:44:31.050" >
      <step title="ChmodRecursive Process exited with total time taken in ms: 150" date="2025-10-21T18:44:34.014" /><!-- duration: 3ms -->
    </step><!-- duration: 2973ms -->
    <step title="Deployment timer started" date="2025-10-21T18:44:36.046" >
      <step title="DeploymentManager.Deploy(id:8160c09c-6428-41e6-b0f4-411e0b424a59)" date="2025-10-21T18:44:36.051" >
        <step title="Collecting changeset information" date="2025-10-21T18:44:36.073" /><!-- duration: 726ms -->
        <step title="Updating submodules" date="2025-10-21T18:44:36.802" /><!-- duration: 1134ms -->
        <step title="Determining deployment builder" date="2025-10-21T18:44:38.139" >
          <step title="Builder is BasicBuilder" date="2025-10-21T18:44:38.164" /><!-- duration: 9ms -->
        </step><!-- duration: 42ms -->
        <step title="PreDeployment: context.CleanOutputPath False" date="2025-10-21T18:44:38.245" >
          <step title="PreDeployment: context.OutputPath /home/site/wwwroot" date="2025-10-21T18:44:38.380" >
            <step title="Building" date="2025-10-21T18:44:38.525" >
              <step title="Executing external process" date="2025-10-21T18:44:39.069" type="process" path="starter.sh" arguments="/opt/Kudu/Scripts/absoluteTar.sh /tmp/zipdeploy/extracted/node_modules /tmp/zipdeploy/extracted/node_modules.tar.gz" /><!-- duration: 2984ms -->
              <step title="Executing external process" date="2025-10-21T18:44:42.329" type="process" path="starter.sh" arguments="/opt/Kudu/Scripts/parallel_rsync.sh /tmp/zipdeploy/extracted /home/site/wwwroot 8 /tmp/ False True node_modules " /><!-- duration: 6653ms -->
              <step title="Triggering recycle (preview mode disabled)." date="2025-10-21T18:44:49.598" /><!-- duration: 5ms -->
              <step title="Modified file to trigger a restart of the app container." date="2025-10-21T18:44:49.633" /><!-- duration: 7ms -->
              <step title="Skip function trigger and logicapp sync because function is not enabled." date="2025-10-21T18:44:49.644" /><!-- duration: 7ms -->
            </step><!-- duration: 12004ms -->
          </step><!-- duration: 12166ms -->
          <step title="Cleaning up temp files" date="2025-10-21T18:44:50.547" /><!-- duration: 2ms -->
          <step title="Cleaning up temp files" date="2025-10-21T18:44:50.574" /><!-- duration: 532ms -->
          <step title="Reloading status file with latest updates" date="2025-10-21T18:44:51.150" >
            <step title="WebHooksManager.PublishEventAsync: PostDeployment" date="2025-10-21T18:44:51.153" /><!-- duration: 53ms -->
          </step><!-- duration: 57ms -->
          <step title="Cleaning up temporary deployment - fetch deployment was successful" date="2025-10-21T18:44:51.210" /><!-- duration: 1ms -->
        </step><!-- duration: 13024ms -->
      </step><!-- duration: 15226ms -->
