<step title="Incoming Request" date="2025-10-22T04:20:54.294" instance="c8e42a" url="/api/zipdeploy?isAsync=true" method="POST" type="request" pid="823,1,3" Accept="*/*" Host="pryysm-v2-dyfqbdd3g4gycnee.scm.uaenorth-01.azurewebsites.net" User-Agent="AZURECLI/2.77.0 (DEB)" Accept-Encoding="gzip, deflate" Authorization="Bea..." Cache-Control="no-cache" Content-Type="application/octet-stream" Content-Length="8502083" x-ms-client-request-id="78e9ed7e-aefe-11f0-a35e-7c1e5201b440" x-ms-artifact-checksum="37f5cad39e6badfef2c845ee57d7387213d5b56a1fa7bea668cf6a7725c01d5a" X-ARR-LOG-ID="78e9ed7e-aefe-11f0-a35e-7c1e5201b440" CLIENT-IP="20.55.15.1:61568" X-SITE-DEPLOYMENT-ID="PRYYSM-V2" WAS-DEFAULT-HOSTNAME="pryysm-v2-dyfqbdd3g4gycnee.scm.uaenorth-01.azurewebsites.net" X-Forwarded-Proto="https" X-AppService-Proto="https" X-Forwarded-TlsVersion="1.3" X-WAWS-Unencoded-URL="/api/zipdeploy?isAsync=true" X-Client-IP="20.55.15.1" X-Client-Port="61568" >
  <step title="ZipPushDeploy" date="2025-10-22T04:20:55.166" >
    <step title="ZipDeploy. Extract zip." date="2025-10-22T04:20:55.172" /><!-- duration: 3ms -->
    <step title="None repository commit" date="2025-10-22T04:20:55.180" >
      <step title="Commit id: 779ed40d-80c1-48a8-bd8e-ccbb2431ed84" date="2025-10-22T04:20:55.183" Message="N/A" AuthorName="N/A" AuthorEmail="N/A" /><!-- duration: 1ms -->
    </step><!-- duration: 5ms -->
    <step title="Starting PushDeployAsync" date="2025-10-22T04:20:55.187" /><!-- duration: 1ms -->
    <step title="Removing node_modules symlink" date="2025-10-22T04:20:55.215" >
      <step title="Removing _del_node_modules symlink" date="2025-10-22T04:20:55.300" >
        <step title="Writing artifact to /tmp/zipdeploy/414fe7f5-8c3e-4725-9111-939715dd9cf0.zip" date="2025-10-22T04:20:55.346" >
          <step title="Writing multipart request body to /tmp/zipdeploy/414fe7f5-8c3e-4725-9111-939715dd9cf0.zip" date="2025-10-22T04:20:55.357" /><!-- duration: 2ms -->
        </step><!-- duration: 363ms -->
        <step title="Removing previous build artifact&apos;s manifest file" date="2025-10-22T04:20:55.712" >
          <step title="Start deployment in the background" date="2025-10-22T04:20:55.738" >
            <step title="Acquiring Deployment Lock" date="2025-10-22T04:20:55.768" /><!-- duration: 1ms -->
            <step title="Acquired Deployment Lock" date="2025-10-22T04:20:55.860" /><!-- duration: 2ms -->
          </step><!-- duration: 305ms -->
        </step><!-- duration: 341ms -->
        <step title="Outgoing response" date="2025-10-22T04:20:56.075" type="response" statusCode="202" statusText="Accepted" /><!-- duration: 2ms -->
      </step><!-- duration: 782ms -->
