<step title="Incoming Request" date="2025-10-21T19:22:26.282" instance="c8e42a" url="/api/zipdeploy?isAsync=true" method="POST" type="request" pid="821,1,24" Accept="*/*" Host="pryysm-v2-dyfqbdd3g4gycnee.scm.uaenorth-01.azurewebsites.net" User-Agent="AZURECLI/2.77.0 (DEB)" Accept-Encoding="gzip, deflate" Authorization="Bea..." Cache-Control="no-cache" Content-Type="application/octet-stream" Content-Length="8498970" x-ms-client-request-id="42779476-aeb3-11f0-a35e-7c1e52aff04c" x-ms-artifact-checksum="1d5f93b0d6e3edbc5ad00b2ecc2da19d356ad9be6703a23ef58d0d5bc095530c" X-ARR-LOG-ID="42779476-aeb3-11f0-a35e-7c1e52aff04c" CLIENT-IP="68.154.119.209:30720" X-SITE-DEPLOYMENT-ID="PRYYSM-V2" WAS-DEFAULT-HOSTNAME="pryysm-v2-dyfqbdd3g4gycnee.scm.uaenorth-01.azurewebsites.net" X-Forwarded-Proto="https" X-AppService-Proto="https" X-Forwarded-TlsVersion="1.3" X-WAWS-Unencoded-URL="/api/zipdeploy?isAsync=true" X-Client-IP="68.154.119.209" X-Client-Port="30720" >
  <step title="Cleanup Xml Logs" date="2025-10-21T19:22:26.285" /><!-- duration: 5ms -->
  <step title="ZipPushDeploy" date="2025-10-21T19:22:26.336" >
    <step title="ZipDeploy. Extract zip." date="2025-10-21T19:22:26.342" /><!-- duration: 2ms -->
    <step title="Starting PushDeployAsync" date="2025-10-21T19:22:26.348" /><!-- duration: 2ms -->
    <step title="Writing artifact to /tmp/zipdeploy/d55fa059-8fd5-496d-b49f-5eb5ca43b69e.zip" date="2025-10-21T19:22:26.395" >
      <step title="Writing multipart request body to /tmp/zipdeploy/d55fa059-8fd5-496d-b49f-5eb5ca43b69e.zip" date="2025-10-21T19:22:26.404" /><!-- duration: 29ms -->
    </step><!-- duration: 1323ms -->
    <step title="Removing previous build artifact&apos;s manifest file" date="2025-10-21T19:22:27.722" >
      <step title="Start deployment in the background" date="2025-10-21T19:22:27.739" >
        <step title="Acquiring Deployment Lock" date="2025-10-21T19:22:27.772" /><!-- duration: 1ms -->
        <step title="Acquired Deployment Lock" date="2025-10-21T19:22:27.804" /><!-- duration: 2ms -->
      </step><!-- duration: 171ms -->
    </step><!-- duration: 200ms -->
    <step title="Outgoing response" date="2025-10-21T19:22:27.928" type="response" statusCode="202" statusText="Accepted" /><!-- duration: 5ms -->
  </step><!-- duration: 1598ms -->
