<step title="BackgroundTrace" date="2025-10-22T04:02:22.452" instance="c8e42a" url="/api/zipdeploy" method="POST" >
  <step title="Cleanup Xml Logs" date="2025-10-22T04:02:22.516" /><!-- duration: 8ms -->
  <step title="Creating temporary deployment - FetchDeploymentManager" date="2025-10-22T04:02:22.645" /><!-- duration: 2ms -->
  <step title="Creating temporary deployment" date="2025-10-22T04:02:22.664" /><!-- duration: 137ms -->
  <step title="Performing fetch based deployment" date="2025-10-22T04:02:22.884" >
    <step title="Cleaning up temp folders from previous zip deployments and extracting pushed zip file /tmp/zipdeploy/98e5486f-7376-4ad6-809b-9c39f73de11f.zip (8.11 MB) to /tmp/zipdeploy/extracted" date="2025-10-22T04:02:24.185" >
      <step title="ChmodRecursive Process exited with total time taken in ms: 112" date="2025-10-22T04:02:27.962" /><!-- duration: 3ms -->
    </step><!-- duration: 3796ms -->
    <step title="Deployment timer started" date="2025-10-22T04:02:29.999" >
      <step title="DeploymentManager.Deploy(id:2de3795b-f56b-4579-9f34-8f06d083f766)" date="2025-10-22T04:02:30.015" >
        <step title="Collecting changeset information" date="2025-10-22T04:02:30.052" /><!-- duration: 125ms -->
        <step title="Updating submodules" date="2025-10-22T04:02:30.180" /><!-- duration: 1140ms -->
        <step title="Determining deployment builder" date="2025-10-22T04:02:31.569" >
          <step title="Builder is BasicBuilder" date="2025-10-22T04:02:31.583" /><!-- duration: 12ms -->
        </step><!-- duration: 34ms -->
        <step title="PreDeployment: context.CleanOutputPath False" date="2025-10-22T04:02:31.662" >
          <step title="PreDeployment: context.OutputPath /home/site/wwwroot" date="2025-10-22T04:02:31.774" >
            <step title="Building" date="2025-10-22T04:02:31.900" >
              <step title="Executing external process" date="2025-10-22T04:02:32.433" type="process" path="starter.sh" arguments="/opt/Kudu/Scripts/absoluteTar.sh /tmp/zipdeploy/extracted/node_modules /tmp/zipdeploy/extracted/node_modules.tar.gz" /><!-- duration: 3016ms -->
              <step title="Executing external process" date="2025-10-22T04:02:35.735" type="process" path="starter.sh" arguments="/opt/Kudu/Scripts/parallel_rsync.sh /tmp/zipdeploy/extracted /home/site/wwwroot 8 /tmp/ False True node_modules " /><!-- duration: 7306ms -->
              <step title="Triggering recycle (preview mode disabled)." date="2025-10-22T04:02:43.652" /><!-- duration: 3ms -->
              <step title="Modified file to trigger a restart of the app container." date="2025-10-22T04:02:43.695" /><!-- duration: 1ms -->
              <step title="Skip function trigger and logicapp sync because function is not enabled." date="2025-10-22T04:02:43.703" /><!-- duration: 9ms -->
              <step title="Purge deployment items" date="2025-10-22T04:02:44.760" >
                <step title="Remove 69a4e44e-, Success, received at 10/21/2025 19:58:58" date="2025-10-22T04:02:44.813" /><!-- duration: 1ms -->
              </step><!-- duration: 57ms -->
            </step><!-- duration: 13030ms -->
          </step><!-- duration: 13164ms -->
          <step title="Cleaning up temp files" date="2025-10-22T04:02:44.939" /><!-- duration: 2ms -->
          <step title="Cleaning up temp files" date="2025-10-22T04:02:44.949" /><!-- duration: 517ms -->
          <step title="Reloading status file with latest updates" date="2025-10-22T04:02:45.537" >
            <step title="WebHooksManager.PublishEventAsync: PostDeployment" date="2025-10-22T04:02:45.567" /><!-- duration: 192ms -->
          </step><!-- duration: 223ms -->
          <step title="Cleaning up temporary deployment - fetch deployment was successful" date="2025-10-22T04:02:45.778" /><!-- duration: 11ms -->
        </step><!-- duration: 14233ms -->
      </step><!-- duration: 15887ms -->
