<step title="Incoming Request" date="2025-10-21T19:29:26.355" instance="c8e42a" url="/api/zipdeploy?isAsync=true" method="POST" type="request" pid="821,1,32" Accept="*/*" Host="pryysm-v2-dyfqbdd3g4gycnee.scm.uaenorth-01.azurewebsites.net" User-Agent="AZURECLI/2.77.0 (DEB)" Accept-Encoding="gzip, deflate" Authorization="Bea..." Cache-Control="no-cache" Content-Type="application/octet-stream" Content-Length="8498816" x-ms-client-request-id="3c06a266-aeb4-11f0-a35e-002248258295" x-ms-artifact-checksum="3c55cebb3dc94425b93dd4397ceb6b63469fe5a9e1d412d470aba38a4ddf63d7" X-ARR-LOG-ID="3c06a266-aeb4-11f0-a35e-002248258295" CLIENT-IP="172.172.153.40:9216" X-SITE-DEPLOYMENT-ID="PRYYSM-V2" WAS-DEFAULT-HOSTNAME="pryysm-v2-dyfqbdd3g4gycnee.scm.uaenorth-01.azurewebsites.net" X-Forwarded-Proto="https" X-AppService-Proto="https" X-Forwarded-TlsVersion="1.3" X-WAWS-Unencoded-URL="/api/zipdeploy?isAsync=true" X-Client-IP="172.172.153.40" X-Client-Port="9216" >
  <step title="Cleanup Xml Logs" date="2025-10-21T19:29:26.357" /><!-- duration: 3ms -->
  <step title="ZipPushDeploy" date="2025-10-21T19:29:26.365" >
    <step title="ZipDeploy. Extract zip." date="2025-10-21T19:29:26.368" /><!-- duration: 1ms -->
    <step title="Starting PushDeployAsync" date="2025-10-21T19:29:26.372" /><!-- duration: 2ms -->
    <step title="Removing node_modules symlink" date="2025-10-21T19:29:26.387" >
      <step title="Writing artifact to /tmp/zipdeploy/49493291-4919-427b-997f-37c6d36a4a5a.zip" date="2025-10-21T19:29:26.447" >
        <step title="Writing multipart request body to /tmp/zipdeploy/49493291-4919-427b-997f-37c6d36a4a5a.zip" date="2025-10-21T19:29:26.449" /><!-- duration: 2ms -->
      </step><!-- duration: 562ms -->
      <step title="Removing previous build artifact&apos;s manifest file" date="2025-10-21T19:29:27.019" >
        <step title="Start deployment in the background" date="2025-10-21T19:29:27.029" >
          <step title="Acquiring Deployment Lock" date="2025-10-21T19:29:27.057" /><!-- duration: 2ms -->
          <step title="Acquired Deployment Lock" date="2025-10-21T19:29:27.077" /><!-- duration: 3ms -->
        </step><!-- duration: 110ms -->
      </step><!-- duration: 122ms -->
      <step title="Outgoing response" date="2025-10-21T19:29:27.143" type="response" statusCode="202" statusText="Accepted" /><!-- duration: 7ms -->
    </step><!-- duration: 764ms -->
