<step title="BackgroundTrace" date="2025-10-21T20:40:06.253" instance="c8e42a" url="/api/zipdeploy" method="POST" >
  <step title="Creating temporary deployment - FetchDeploymentManager" date="2025-10-21T20:40:06.345" /><!-- duration: 1ms -->
  <step title="Creating temporary deployment" date="2025-10-21T20:40:06.360" /><!-- duration: 114ms -->
  <step title="Performing fetch based deployment" date="2025-10-21T20:40:06.516" >
    <step title="Cleaning up temp folders from previous zip deployments and extracting pushed zip file /tmp/zipdeploy/1564dcc9-14de-4d40-a37c-4c11e19a5f4f.zip (8.11 MB) to /tmp/zipdeploy/extracted" date="2025-10-21T20:40:07.728" >
      <step title="ChmodRecursive Process exited with total time taken in ms: 101" date="2025-10-21T20:40:10.322" /><!-- duration: 3ms -->
    </step><!-- duration: 2605ms -->
    <step title="Deployment timer started" date="2025-10-21T20:40:12.341" >
      <step title="DeploymentManager.Deploy(id:84b72430-24c5-4f05-968c-d27516474459)" date="2025-10-21T20:40:12.345" >
        <step title="Collecting changeset information" date="2025-10-21T20:40:12.360" /><!-- duration: 131ms -->
        <step title="Updating submodules" date="2025-10-21T20:40:12.494" /><!-- duration: 1115ms -->
        <step title="Determining deployment builder" date="2025-10-21T20:40:13.826" >
          <step title="Builder is BasicBuilder" date="2025-10-21T20:40:13.852" /><!-- duration: 9ms -->
        </step><!-- duration: 44ms -->
        <step title="PreDeployment: context.CleanOutputPath False" date="2025-10-21T20:40:13.945" >
          <step title="PreDeployment: context.OutputPath /home/site/wwwroot" date="2025-10-21T20:40:14.089" >
            <step title="Building" date="2025-10-21T20:40:14.219" >
              <step title="Executing external process" date="2025-10-21T20:40:15.647" type="process" path="starter.sh" arguments="/opt/Kudu/Scripts/absoluteTar.sh /tmp/zipdeploy/extracted/node_modules /tmp/zipdeploy/extracted/node_modules.tar.gz" /><!-- duration: 3427ms -->
              <step title="Executing external process" date="2025-10-21T20:40:19.334" type="process" path="starter.sh" arguments="/opt/Kudu/Scripts/parallel_rsync.sh /tmp/zipdeploy/extracted /home/site/wwwroot 8 /tmp/ False True node_modules " /><!-- duration: 7107ms -->
              <step title="Triggering recycle (preview mode disabled)." date="2025-10-21T20:40:27.059" /><!-- duration: 9ms -->
              <step title="Modified file to trigger a restart of the app container." date="2025-10-21T20:40:27.102" /><!-- duration: 1ms -->
              <step title="Skip function trigger and logicapp sync because function is not enabled." date="2025-10-21T20:40:27.113" /><!-- duration: 17ms -->
              <step title="Purge deployment items" date="2025-10-21T20:40:28.314" >
                <step title="Remove f0551ee8-, Success, received at 10/21/2025 19:23:23" date="2025-10-21T20:40:28.371" /><!-- duration: 1ms -->
              </step><!-- duration: 60ms -->
            </step><!-- duration: 14234ms -->
          </step><!-- duration: 14369ms -->
          <step title="Cleaning up temp files" date="2025-10-21T20:40:28.459" /><!-- duration: 4ms -->
          <step title="Cleaning up temp files" date="2025-10-21T20:40:28.465" /><!-- duration: 524ms -->
          <step title="Reloading status file with latest updates" date="2025-10-21T20:40:29.049" >
            <step title="WebHooksManager.PublishEventAsync: PostDeployment" date="2025-10-21T20:40:29.052" /><!-- duration: 67ms -->
          </step><!-- duration: 71ms -->
          <step title="Cleaning up temporary deployment - fetch deployment was successful" date="2025-10-21T20:40:29.123" /><!-- duration: 1ms -->
        </step><!-- duration: 15240ms -->
      </step><!-- duration: 16848ms -->
