<step title="Incoming Request" date="2025-10-21T21:53:27.472" instance="c8e42a" url="/api/zipdeploy?isAsync=true" method="POST" type="request" pid="823,1,83" Accept="*/*" Host="pryysm-v2-dyfqbdd3g4gycnee.scm.uaenorth-01.azurewebsites.net" User-Agent="AZURECLI/2.77.0 (DEB)" Accept-Encoding="gzip, deflate" Authorization="Bea..." Cache-Control="no-cache" Content-Type="application/octet-stream" Content-Length="8500979" x-ms-client-request-id="5830a3d8-aec8-11f0-a35e-6045bd03bb19" x-ms-artifact-checksum="1711757ea86bef13576d2e67bd1425aad77c55f933939bf2435062b78c7c0cb9" X-ARR-LOG-ID="5830a3d8-aec8-11f0-a35e-6045bd03bb19" CLIENT-IP="57.154.172.168:61440" X-SITE-DEPLOYMENT-ID="PRYYSM-V2" WAS-DEFAULT-HOSTNAME="pryysm-v2-dyfqbdd3g4gycnee.scm.uaenorth-01.azurewebsites.net" X-Forwarded-Proto="https" X-AppService-Proto="https" X-Forwarded-TlsVersion="1.3" X-WAWS-Unencoded-URL="/api/zipdeploy?isAsync=true" X-Client-IP="57.154.172.168" X-Client-Port="61440" >
  <step title="Cleanup Xml Logs" date="2025-10-21T21:53:27.479" /><!-- duration: 13ms -->
  <step title="ZipPushDeploy" date="2025-10-21T21:53:27.571" >
    <step title="ZipDeploy. Extract zip." date="2025-10-21T21:53:27.581" /><!-- duration: 2ms -->
    <step title="Starting PushDeployAsync" date="2025-10-21T21:53:27.589" /><!-- duration: 2ms -->
    <step title="Removing node_modules symlink" date="2025-10-21T21:53:27.616" >
      <step title="Writing artifact to /tmp/zipdeploy/ec3733db-c6d5-41d8-82ea-1fb5a42eb4c3.zip" date="2025-10-21T21:53:27.744" >
        <step title="Writing multipart request body to /tmp/zipdeploy/ec3733db-c6d5-41d8-82ea-1fb5a42eb4c3.zip" date="2025-10-21T21:53:27.767" /><!-- duration: 4ms -->
      </step><!-- duration: 349ms -->
      <step title="Removing previous build artifact&apos;s manifest file" date="2025-10-21T21:53:28.096" >
        <step title="Start deployment in the background" date="2025-10-21T21:53:28.128" >
          <step title="Acquiring Deployment Lock" date="2025-10-21T21:53:28.172" /><!-- duration: 2ms -->
          <step title="Acquired Deployment Lock" date="2025-10-21T21:53:28.205" /><!-- duration: 2ms -->
        </step><!-- duration: 186ms -->
      </step><!-- duration: 262ms -->
      <step title="Outgoing response" date="2025-10-21T21:53:28.370" type="response" statusCode="202" statusText="Accepted" /><!-- duration: 2ms -->
    </step><!-- duration: 759ms -->
