<step title="Incoming Request" date="2025-10-21T18:27:02.366" instance="c8e42a" url="/api/zipdeploy?isAsync=true" method="POST" type="request" pid="821,1,28" Accept="*/*" Host="pryysm-v2-dyfqbdd3g4gycnee.scm.uaenorth-01.azurewebsites.net" User-Agent="AZURECLI/2.77.0 (DEB)" Accept-Encoding="gzip, deflate" Authorization="Bea..." Cache-Control="no-cache" Content-Type="application/octet-stream" Content-Length="8498815" x-ms-client-request-id="83650e94-aeab-11f0-a35e-000d3a0d6a3e" x-ms-artifact-checksum="59bf94ab8dfdf95e124e971f80e90f3a1614b459ee2188055fdeb8c3ba266e51" X-ARR-LOG-ID="83650e94-aeab-11f0-a35e-000d3a0d6a3e" CLIENT-IP="74.249.78.167:45120" X-SITE-DEPLOYMENT-ID="PRYYSM-V2" WAS-DEFAULT-HOSTNAME="pryysm-v2-dyfqbdd3g4gycnee.scm.uaenorth-01.azurewebsites.net" X-Forwarded-Proto="https" X-AppService-Proto="https" X-Forwarded-TlsVersion="1.3" X-WAWS-Unencoded-URL="/api/zipdeploy?isAsync=true" X-Client-IP="74.249.78.167" X-Client-Port="45120" >
  <step title="Cleanup Xml Logs" date="2025-10-21T18:27:02.377" /><!-- duration: 12ms -->
  <step title="ZipPushDeploy" date="2025-10-21T18:27:02.556" >
    <step title="ZipDeploy. Extract zip." date="2025-10-21T18:27:02.564" /><!-- duration: 2ms -->
    <step title="Starting PushDeployAsync" date="2025-10-21T18:27:02.572" /><!-- duration: 2ms -->
    <step title="Removing node_modules symlink" date="2025-10-21T18:27:02.641" >
      <step title="Removing _del_node_modules symlink" date="2025-10-21T18:27:02.700" >
        <step title="Writing artifact to /tmp/zipdeploy/323ff9aa-c331-4472-94b6-8c7b59edc375.zip" date="2025-10-21T18:27:02.728" >
          <step title="Writing multipart request body to /tmp/zipdeploy/323ff9aa-c331-4472-94b6-8c7b59edc375.zip" date="2025-10-21T18:27:02.730" /><!-- duration: 1ms -->
        </step><!-- duration: 442ms -->
        <step title="Removing previous build artifact&apos;s manifest file" date="2025-10-21T18:27:03.173" >
          <step title="Start deployment in the background" date="2025-10-21T18:27:03.194" >
            <step title="Acquiring Deployment Lock" date="2025-10-21T18:27:03.228" /><!-- duration: 2ms -->
            <step title="Acquired Deployment Lock" date="2025-10-21T18:27:03.258" /><!-- duration: 2ms -->
          </step><!-- duration: 155ms -->
        </step><!-- duration: 184ms -->
        <step title="Outgoing response" date="2025-10-21T18:27:03.365" type="response" statusCode="202" statusText="Accepted" /><!-- duration: 2ms -->
      </step><!-- duration: 669ms -->
