<step title="BackgroundTrace" date="2025-10-21T20:55:49.232" instance="c8e42a" url="/api/zipdeploy" method="POST" >
  <step title="Creating temporary deployment - FetchDeploymentManager" date="2025-10-21T20:55:49.299" /><!-- duration: 5ms -->
  <step title="Creating temporary deployment" date="2025-10-21T20:55:49.316" /><!-- duration: 103ms -->
  <step title="Performing fetch based deployment" date="2025-10-21T20:55:49.445" >
    <step title="Cleaning up temp folders from previous zip deployments and extracting pushed zip file /tmp/zipdeploy/d2964461-60dd-4c19-a5ae-7d9b04639d2e.zip (8.11 MB) to /tmp/zipdeploy/extracted" date="2025-10-21T20:55:50.640" >
      <step title="ChmodRecursive Process exited with total time taken in ms: 106" date="2025-10-21T20:55:53.462" /><!-- duration: 3ms -->
    </step><!-- duration: 2829ms -->
    <step title="Deployment timer started" date="2025-10-21T20:55:55.490" >
      <step title="DeploymentManager.Deploy(id:658dedff-e425-40a6-acf3-74c41e98d02e)" date="2025-10-21T20:55:55.492" >
        <step title="Collecting changeset information" date="2025-10-21T20:55:55.506" /><!-- duration: 157ms -->
        <step title="Updating submodules" date="2025-10-21T20:55:55.666" /><!-- duration: 1112ms -->
        <step title="Determining deployment builder" date="2025-10-21T20:55:57.010" >
          <step title="Builder is BasicBuilder" date="2025-10-21T20:55:57.038" /><!-- duration: 2ms -->
        </step><!-- duration: 31ms -->
        <step title="PreDeployment: context.CleanOutputPath False" date="2025-10-21T20:55:57.111" >
          <step title="PreDeployment: context.OutputPath /home/site/wwwroot" date="2025-10-21T20:55:57.232" >
            <step title="Building" date="2025-10-21T20:55:57.361" >
              <step title="Executing external process" date="2025-10-21T20:55:58.068" type="process" path="starter.sh" arguments="/opt/Kudu/Scripts/absoluteTar.sh /tmp/zipdeploy/extracted/node_modules /tmp/zipdeploy/extracted/node_modules.tar.gz" /><!-- duration: 3585ms -->
              <step title="Executing external process" date="2025-10-21T20:56:02.237" type="process" path="starter.sh" arguments="/opt/Kudu/Scripts/parallel_rsync.sh /tmp/zipdeploy/extracted /home/site/wwwroot 8 /tmp/ False True node_modules " /><!-- duration: 7977ms -->
              <step title="Triggering recycle (preview mode disabled)." date="2025-10-21T20:56:11.192" /><!-- duration: 11ms -->
              <step title="Modified file to trigger a restart of the app container." date="2025-10-21T20:56:11.234" /><!-- duration: 7ms -->
              <step title="Skip function trigger and logicapp sync because function is not enabled." date="2025-10-21T20:56:11.261" /><!-- duration: 4ms -->
              <step title="Purge deployment items" date="2025-10-21T20:56:12.258" >
                <step title="Remove b210bf5e-, Success, received at 10/21/2025 19:29:32" date="2025-10-21T20:56:12.317" /><!-- duration: 2ms -->
              </step><!-- duration: 63ms -->
            </step><!-- duration: 15037ms -->
          </step><!-- duration: 15181ms -->
          <step title="Cleaning up temp files" date="2025-10-21T20:56:12.415" /><!-- duration: 5ms -->
          <step title="Cleaning up temp files" date="2025-10-21T20:56:12.432" /><!-- duration: 518ms -->
          <step title="Reloading status file with latest updates" date="2025-10-21T20:56:12.967" >
            <step title="WebHooksManager.PublishEventAsync: PostDeployment" date="2025-10-21T20:56:12.969" /><!-- duration: 50ms -->
          </step><!-- duration: 54ms -->
          <step title="Cleaning up temporary deployment - fetch deployment was successful" date="2025-10-21T20:56:13.023" /><!-- duration: 2ms -->
        </step><!-- duration: 15980ms -->
      </step><!-- duration: 17606ms -->
