<step title="BackgroundTrace" date="2025-10-22T03:40:38.961" instance="c8e42a" url="/api/zipdeploy" method="POST" >
  <step title="Creating temporary deployment - FetchDeploymentManager" date="2025-10-22T03:40:39.034" /><!-- duration: 1ms -->
  <step title="Creating temporary deployment" date="2025-10-22T03:40:39.039" /><!-- duration: 99ms -->
  <step title="Performing fetch based deployment" date="2025-10-22T03:40:39.182" >
    <step title="Cleaning up temp folders from previous zip deployments and extracting pushed zip file /tmp/zipdeploy/defbde24-586b-4b4f-946e-1a7f5af69ffe.zip (8.11 MB) to /tmp/zipdeploy/extracted" date="2025-10-22T03:40:40.368" >
      <step title="ChmodRecursive Process exited with total time taken in ms: 100" date="2025-10-22T03:40:43.060" /><!-- duration: 9ms -->
    </step><!-- duration: 2709ms -->
    <step title="Deployment timer started" date="2025-10-22T03:40:45.095" >
      <step title="DeploymentManager.Deploy(id:b07af012-2ca2-490c-ab57-89f90b39d793)" date="2025-10-22T03:40:45.102" >
        <step title="Collecting changeset information" date="2025-10-22T03:40:45.144" /><!-- duration: 138ms -->
        <step title="Updating submodules" date="2025-10-22T03:40:45.287" /><!-- duration: 1144ms -->
        <step title="Determining deployment builder" date="2025-10-22T03:40:46.644" >
          <step title="Builder is BasicBuilder" date="2025-10-22T03:40:46.656" /><!-- duration: 11ms -->
        </step><!-- duration: 33ms -->
        <step title="PreDeployment: context.CleanOutputPath False" date="2025-10-22T03:40:46.742" >
          <step title="PreDeployment: context.OutputPath /home/site/wwwroot" date="2025-10-22T03:40:46.881" >
            <step title="Building" date="2025-10-22T03:40:47.027" >
              <step title="Executing external process" date="2025-10-22T03:40:47.555" type="process" path="starter.sh" arguments="/opt/Kudu/Scripts/absoluteTar.sh /tmp/zipdeploy/extracted/node_modules /tmp/zipdeploy/extracted/node_modules.tar.gz" /><!-- duration: 3490ms -->
              <step title="Executing external process" date="2025-10-22T03:40:51.328" type="process" path="starter.sh" arguments="/opt/Kudu/Scripts/parallel_rsync.sh /tmp/zipdeploy/extracted /home/site/wwwroot 8 /tmp/ False True node_modules " /><!-- duration: 16641ms -->
              <step title="Triggering recycle (preview mode disabled)." date="2025-10-22T03:41:08.647" /><!-- duration: 5ms -->
              <step title="Modified file to trigger a restart of the app container." date="2025-10-22T03:41:08.694" /><!-- duration: 7ms -->
              <step title="Skip function trigger and logicapp sync because function is not enabled." date="2025-10-22T03:41:08.714" /><!-- duration: 17ms -->
              <step title="Purge deployment items" date="2025-10-22T03:41:10.151" >
                <step title="Remove 8c308a89-, Success, received at 10/21/2025 19:54:25" date="2025-10-22T03:41:10.197" /><!-- duration: 2ms -->
              </step><!-- duration: 50ms -->
            </step><!-- duration: 23248ms -->
          </step><!-- duration: 23402ms -->
          <step title="Cleaning up temp files" date="2025-10-22T03:41:10.284" /><!-- duration: 3ms -->
          <step title="Cleaning up temp files" date="2025-10-22T03:41:10.299" /><!-- duration: 511ms -->
          <step title="Reloading status file with latest updates" date="2025-10-22T03:41:10.856" >
            <step title="WebHooksManager.PublishEventAsync: PostDeployment" date="2025-10-22T03:41:10.860" /><!-- duration: 58ms -->
          </step><!-- duration: 63ms -->
          <step title="Cleaning up temporary deployment - fetch deployment was successful" date="2025-10-22T03:41:10.922" /><!-- duration: 2ms -->
        </step><!-- duration: 24234ms -->
      </step><!-- duration: 25883ms -->
