<step title="Incoming Request" date="2025-10-21T19:23:16.347" instance="c8e42a" url="/api/zipdeploy?isAsync=true" method="POST" type="request" pid="821,1,24" Accept="*/*" Host="pryysm-v2-dyfqbdd3g4gycnee.scm.uaenorth-01.azurewebsites.net" User-Agent="AZURECLI/2.77.0 (DEB)" Accept-Encoding="gzip, deflate" Authorization="Bea..." Cache-Control="no-cache" Content-Type="application/octet-stream" Content-Length="8498756" x-ms-client-request-id="5f1888b0-aeb3-11f0-a35e-6045bd0a0b84" x-ms-artifact-checksum="1354fe6ee02993a4bde4d8c16fb6eeecd02380133a5bd95d5eba30bfd7e96f5a" X-ARR-LOG-ID="5f1888b0-aeb3-11f0-a35e-6045bd0a0b84" CLIENT-IP="172.184.209.181:57344" X-SITE-DEPLOYMENT-ID="PRYYSM-V2" WAS-DEFAULT-HOSTNAME="pryysm-v2-dyfqbdd3g4gycnee.scm.uaenorth-01.azurewebsites.net" X-Forwarded-Proto="https" X-AppService-Proto="https" X-Forwarded-TlsVersion="1.3" X-WAWS-Unencoded-URL="/api/zipdeploy?isAsync=true" X-Client-IP="172.184.209.181" X-Client-Port="57344" >
  <step title="Cleanup Xml Logs" date="2025-10-21T19:23:16.361" /><!-- duration: 3ms -->
  <step title="ZipPushDeploy" date="2025-10-21T19:23:16.372" >
    <step title="ZipDeploy. Extract zip." date="2025-10-21T19:23:16.379" /><!-- duration: 2ms -->
    <step title="Starting PushDeployAsync" date="2025-10-21T19:23:16.384" /><!-- duration: 5ms -->
    <step title="Writing artifact to /tmp/zipdeploy/123f2412-032c-4a34-9765-bc3277408c1e.zip" date="2025-10-21T19:23:16.401" >
      <step title="Writing multipart request body to /tmp/zipdeploy/123f2412-032c-4a34-9765-bc3277408c1e.zip" date="2025-10-21T19:23:16.403" /><!-- duration: 9ms -->
    </step><!-- duration: 2084ms -->
    <step title="Removing previous build artifact&apos;s manifest file" date="2025-10-21T19:23:18.489" >
      <step title="Start deployment in the background" date="2025-10-21T19:23:18.506" >
        <step title="Acquiring Deployment Lock" date="2025-10-21T19:23:18.525" /><!-- duration: 2ms -->
        <step title="Acquired Deployment Lock" date="2025-10-21T19:23:18.545" /><!-- duration: 1ms -->
      </step><!-- duration: 99ms -->
    </step><!-- duration: 118ms -->
    <step title="Outgoing response" date="2025-10-21T19:23:18.608" type="response" statusCode="202" statusText="Accepted" /><!-- duration: 2ms -->
  </step><!-- duration: 2240ms -->
