<step title="BackgroundTrace" date="2025-10-22T04:20:55.740" instance="c8e42a" url="/api/zipdeploy" method="POST" >
  <step title="Creating temporary deployment - FetchDeploymentManager" date="2025-10-22T04:20:55.871" /><!-- duration: 9ms -->
  <step title="Creating temporary deployment" date="2025-10-22T04:20:55.883" /><!-- duration: 157ms -->
  <step title="Performing fetch based deployment" date="2025-10-22T04:20:56.104" >
    <step title="Cleaning up temp folders from previous zip deployments and extracting pushed zip file /tmp/zipdeploy/414fe7f5-8c3e-4725-9111-939715dd9cf0.zip (8.11 MB) to /tmp/zipdeploy/extracted" date="2025-10-22T04:20:57.300" >
      <step title="ChmodRecursive Process exited with total time taken in ms: 101" date="2025-10-22T04:20:59.817" /><!-- duration: 3ms -->
    </step><!-- duration: 2532ms -->
    <step title="Deployment timer started" date="2025-10-22T04:21:01.882" >
      <step title="DeploymentManager.Deploy(id:779ed40d-80c1-48a8-bd8e-ccbb2431ed84)" date="2025-10-22T04:21:01.912" >
        <step title="Collecting changeset information" date="2025-10-22T04:21:01.961" /><!-- duration: 628ms -->
        <step title="Updating submodules" date="2025-10-22T04:21:02.593" /><!-- duration: 1110ms -->
        <step title="Determining deployment builder" date="2025-10-22T04:21:03.974" >
          <step title="Builder is BasicBuilder" date="2025-10-22T04:21:03.990" /><!-- duration: 10ms -->
        </step><!-- duration: 28ms -->
        <step title="PreDeployment: context.CleanOutputPath False" date="2025-10-22T04:21:04.070" >
          <step title="PreDeployment: context.OutputPath /home/site/wwwroot" date="2025-10-22T04:21:04.207" >
            <step title="Building" date="2025-10-22T04:21:04.331" >
              <step title="Executing external process" date="2025-10-22T04:21:04.816" type="process" path="starter.sh" arguments="/opt/Kudu/Scripts/absoluteTar.sh /tmp/zipdeploy/extracted/node_modules /tmp/zipdeploy/extracted/node_modules.tar.gz" /><!-- duration: 3375ms -->
              <step title="Executing external process" date="2025-10-22T04:21:08.609" type="process" path="starter.sh" arguments="/opt/Kudu/Scripts/parallel_rsync.sh /tmp/zipdeploy/extracted /home/site/wwwroot 8 /tmp/ False True node_modules " /><!-- duration: 7969ms -->
              <step title="Triggering recycle (preview mode disabled)." date="2025-10-22T04:21:17.249" /><!-- duration: 8ms -->
              <step title="Modified file to trigger a restart of the app container." date="2025-10-22T04:21:17.306" /><!-- duration: 1ms -->
              <step title="Skip function trigger and logicapp sync because function is not enabled." date="2025-10-22T04:21:17.315" /><!-- duration: 19ms -->
              <step title="Purge deployment items" date="2025-10-22T04:21:18.463" >
                <step title="Remove 58fe6257-, Success, received at 10/21/2025 20:15:54" date="2025-10-22T04:21:18.522" /><!-- duration: 2ms -->
              </step><!-- duration: 67ms -->
            </step><!-- duration: 14285ms -->
          </step><!-- duration: 14423ms -->
          <step title="Cleaning up temp files" date="2025-10-22T04:21:18.632" /><!-- duration: 2ms -->
          <step title="Cleaning up temp files" date="2025-10-22T04:21:18.640" /><!-- duration: 521ms -->
          <step title="Reloading status file with latest updates" date="2025-10-22T04:21:19.195" >
            <step title="WebHooksManager.PublishEventAsync: PostDeployment" date="2025-10-22T04:21:19.203" /><!-- duration: 106ms -->
          </step><!-- duration: 115ms -->
          <step title="Cleaning up temporary deployment - fetch deployment was successful" date="2025-10-22T04:21:19.314" /><!-- duration: 1ms -->
        </step><!-- duration: 15303ms -->
      </step><!-- duration: 17472ms -->
