<step title="Incoming Request" date="2025-10-21T19:41:36.725" instance="c8e42a" url="/api/zipdeploy?isAsync=true" method="POST" type="request" pid="821,1,26" Accept="*/*" Host="pryysm-v2-dyfqbdd3g4gycnee.scm.uaenorth-01.azurewebsites.net" User-Agent="AZURECLI/2.77.0 (DEB)" Accept-Encoding="gzip, deflate" Authorization="Bea..." Cache-Control="no-cache" Content-Type="application/octet-stream" Content-Length="8500107" x-ms-client-request-id="f04f1de2-aeb5-11f0-a35e-6045bd30d1ef" x-ms-artifact-checksum="18ef54ddeb10c27c7bc9400cea64cf25ef1da93e22a51dd364540a5eebc6baf8" X-ARR-LOG-ID="f04f1de2-aeb5-11f0-a35e-6045bd30d1ef" CLIENT-IP="135.119.38.40:38984" X-SITE-DEPLOYMENT-ID="PRYYSM-V2" WAS-DEFAULT-HOSTNAME="pryysm-v2-dyfqbdd3g4gycnee.scm.uaenorth-01.azurewebsites.net" X-Forwarded-Proto="https" X-AppService-Proto="https" X-Forwarded-TlsVersion="1.3" X-WAWS-Unencoded-URL="/api/zipdeploy?isAsync=true" X-Client-IP="135.119.38.40" X-Client-Port="38984" >
  <step title="Cleanup Xml Logs" date="2025-10-21T19:41:36.730" /><!-- duration: 10ms -->
  <step title="ZipPushDeploy" date="2025-10-21T19:41:36.773" >
    <step title="ZipDeploy. Extract zip." date="2025-10-21T19:41:36.783" /><!-- duration: 2ms -->
    <step title="Starting PushDeployAsync" date="2025-10-21T19:41:36.797" /><!-- duration: 3ms -->
    <step title="Removing node_modules symlink" date="2025-10-21T19:41:36.832" >
      <step title="Writing artifact to /tmp/zipdeploy/01321a4f-6b84-4425-ae2c-1be4a9824b19.zip" date="2025-10-21T19:41:36.929" >
        <step title="Writing multipart request body to /tmp/zipdeploy/01321a4f-6b84-4425-ae2c-1be4a9824b19.zip" date="2025-10-21T19:41:36.933" /><!-- duration: 18ms -->
      </step><!-- duration: 1353ms -->
      <step title="Removing previous build artifact&apos;s manifest file" date="2025-10-21T19:41:38.286" >
        <step title="Start deployment in the background" date="2025-10-21T19:41:38.305" >
          <step title="Acquiring Deployment Lock" date="2025-10-21T19:41:38.354" /><!-- duration: 2ms -->
          <step title="Acquired Deployment Lock" date="2025-10-21T19:41:38.395" /><!-- duration: 2ms -->
        </step><!-- duration: 181ms -->
      </step><!-- duration: 215ms -->
      <step title="Outgoing response" date="2025-10-21T19:41:38.509" type="response" statusCode="202" statusText="Accepted" /><!-- duration: 2ms -->
    </step><!-- duration: 1684ms -->
