<step title="BackgroundTrace" date="2025-10-21T21:53:28.132" instance="c8e42a" url="/api/zipdeploy" method="POST" >
  <step title="Creating temporary deployment - FetchDeploymentManager" date="2025-10-21T21:53:28.209" /><!-- duration: 2ms -->
  <step title="Creating temporary deployment" date="2025-10-21T21:53:28.215" /><!-- duration: 97ms -->
  <step title="Performing fetch based deployment" date="2025-10-21T21:53:28.385" >
    <step title="Cleaning up temp folders from previous zip deployments and extracting pushed zip file /tmp/zipdeploy/ec3733db-c6d5-41d8-82ea-1fb5a42eb4c3.zip (8.11 MB) to /tmp/zipdeploy/extracted" date="2025-10-21T21:53:30.893" >
      <step title="ChmodRecursive Process exited with total time taken in ms: 190" date="2025-10-21T21:53:33.568" /><!-- duration: 18ms -->
    </step><!-- duration: 2703ms -->
    <step title="Deployment timer started" date="2025-10-21T21:53:35.649" >
      <step title="DeploymentManager.Deploy(id:316ebcba-a87e-48cf-8e52-8264c0513a69)" date="2025-10-21T21:53:35.670" >
        <step title="Collecting changeset information" date="2025-10-21T21:53:35.728" /><!-- duration: 654ms -->
        <step title="Updating submodules" date="2025-10-21T21:53:36.385" /><!-- duration: 1107ms -->
        <step title="Determining deployment builder" date="2025-10-21T21:53:37.704" >
          <step title="Builder is BasicBuilder" date="2025-10-21T21:53:37.734" /><!-- duration: 2ms -->
        </step><!-- duration: 33ms -->
        <step title="PreDeployment: context.CleanOutputPath False" date="2025-10-21T21:53:37.797" >
          <step title="PreDeployment: context.OutputPath /home/site/wwwroot" date="2025-10-21T21:53:37.902" >
            <step title="Building" date="2025-10-21T21:53:38.038" >
              <step title="Executing external process" date="2025-10-21T21:53:38.605" type="process" path="starter.sh" arguments="/opt/Kudu/Scripts/absoluteTar.sh /tmp/zipdeploy/extracted/node_modules /tmp/zipdeploy/extracted/node_modules.tar.gz" /><!-- duration: 3044ms -->
              <step title="Executing external process" date="2025-10-21T21:53:41.912" type="process" path="starter.sh" arguments="/opt/Kudu/Scripts/parallel_rsync.sh /tmp/zipdeploy/extracted /home/site/wwwroot 8 /tmp/ False True node_modules " /><!-- duration: 9012ms -->
              <step title="Triggering recycle (preview mode disabled)." date="2025-10-21T21:53:51.963" /><!-- duration: 16ms -->
              <step title="Modified file to trigger a restart of the app container." date="2025-10-21T21:53:52.024" /><!-- duration: 2ms -->
              <step title="Skip function trigger and logicapp sync because function is not enabled." date="2025-10-21T21:53:52.049" /><!-- duration: 3ms -->
              <step title="Purge deployment items" date="2025-10-21T21:53:53.223" >
                <step title="Remove fe6fb369-, Success, received at 10/21/2025 19:53:28" date="2025-10-21T21:53:53.273" /><!-- duration: 1ms -->
              </step><!-- duration: 54ms -->
            </step><!-- duration: 15328ms -->
          </step><!-- duration: 15480ms -->
          <step title="Cleaning up temp files" date="2025-10-21T21:53:53.383" /><!-- duration: 2ms -->
          <step title="Cleaning up temp files" date="2025-10-21T21:53:53.388" /><!-- duration: 512ms -->
          <step title="Reloading status file with latest updates" date="2025-10-21T21:53:53.948" >
            <step title="WebHooksManager.PublishEventAsync: PostDeployment" date="2025-10-21T21:53:53.951" /><!-- duration: 46ms -->
          </step><!-- duration: 51ms -->
          <step title="Cleaning up temporary deployment - fetch deployment was successful" date="2025-10-21T21:53:54.003" /><!-- duration: 2ms -->
        </step><!-- duration: 16270ms -->
      </step><!-- duration: 18408ms -->
