<step title="BackgroundTrace" date="2025-10-21T19:23:18.508" instance="c8e42a" url="/api/zipdeploy" method="POST" >
  <step title="Creating temporary deployment - FetchDeploymentManager" date="2025-10-21T19:23:18.547" /><!-- duration: 1ms -->
  <step title="Creating temporary deployment" date="2025-10-21T19:23:18.550" /><!-- duration: 54ms -->
  <step title="Performing fetch based deployment" date="2025-10-21T19:23:18.614" >
    <step title="Cleaning up temp folders from previous zip deployments and extracting pushed zip file /tmp/zipdeploy/123f2412-032c-4a34-9765-bc3277408c1e.zip (8.11 MB) to /tmp/zipdeploy/extracted" date="2025-10-21T19:23:19.754" >
      <step title="ChmodRecursive Process exited with total time taken in ms: 92" date="2025-10-21T19:23:21.805" /><!-- duration: 8ms -->
    </step><!-- duration: 2062ms -->
    <step title="Deployment timer started" date="2025-10-21T19:23:23.832" >
      <step title="DeploymentManager.Deploy(id:f0551ee8-7c7e-4a26-9846-e5ae14e98876)" date="2025-10-21T19:23:23.835" >
        <step title="Collecting changeset information" date="2025-10-21T19:23:23.850" /><!-- duration: 113ms -->
        <step title="Updating submodules" date="2025-10-21T19:23:23.965" /><!-- duration: 1121ms -->
        <step title="Determining deployment builder" date="2025-10-21T19:23:25.861" >
          <step title="Builder is BasicBuilder" date="2025-10-21T19:23:25.900" /><!-- duration: 9ms -->
        </step><!-- duration: 51ms -->
        <step title="PreDeployment: context.CleanOutputPath False" date="2025-10-21T19:23:25.974" >
          <step title="PreDeployment: context.OutputPath /home/site/wwwroot" date="2025-10-21T19:23:26.083" >
            <step title="Building" date="2025-10-21T19:23:26.217" >
              <step title="Executing external process" date="2025-10-21T19:23:26.908" type="process" path="starter.sh" arguments="/opt/Kudu/Scripts/absoluteTar.sh /tmp/zipdeploy/extracted/node_modules /tmp/zipdeploy/extracted/node_modules.tar.gz" /><!-- duration: 3183ms -->
              <step title="Executing external process" date="2025-10-21T19:23:30.345" type="process" path="starter.sh" arguments="/opt/Kudu/Scripts/parallel_rsync.sh /tmp/zipdeploy/extracted /home/site/wwwroot 8 /tmp/ False True node_modules " /><!-- duration: 6906ms -->
              <step title="Triggering recycle (preview mode disabled)." date="2025-10-21T19:23:37.860" /><!-- duration: 2ms -->
              <step title="Modified file to trigger a restart of the app container." date="2025-10-21T19:23:37.896" /><!-- duration: 2ms -->
              <step title="Skip function trigger and logicapp sync because function is not enabled." date="2025-10-21T19:23:37.908" /><!-- duration: 17ms -->
              <step title="Purge deployment items" date="2025-10-21T19:23:39.127" >
                <step title="Remove 78a23361-, Success, received at 10/21/2025 13:42:00" date="2025-10-21T19:23:39.179" /><!-- duration: 1ms -->
              </step><!-- duration: 56ms -->
            </step><!-- duration: 13044ms -->
          </step><!-- duration: 13180ms -->
          <step title="Cleaning up temp files" date="2025-10-21T19:23:39.264" /><!-- duration: 11ms -->
          <step title="Cleaning up temp files" date="2025-10-21T19:23:39.285" /><!-- duration: 511ms -->
          <step title="Reloading status file with latest updates" date="2025-10-21T19:23:39.837" >
            <step title="WebHooksManager.PublishEventAsync: PostDeployment" date="2025-10-21T19:23:39.840" /><!-- duration: 44ms -->
          </step><!-- duration: 49ms -->
          <step title="Cleaning up temporary deployment - fetch deployment was successful" date="2025-10-21T19:23:39.888" /><!-- duration: 1ms -->
        </step><!-- duration: 13976ms -->
      </step><!-- duration: 16122ms -->
