<step title="BackgroundTrace" date="2025-10-21T18:54:53.643" instance="c8e42a" url="/api/zipdeploy" method="POST" >
  <step title="Creating temporary deployment - FetchDeploymentManager" date="2025-10-21T18:54:53.745" /><!-- duration: 1ms -->
  <step title="Creating temporary deployment" date="2025-10-21T18:54:53.749" /><!-- duration: 126ms -->
  <step title="Performing fetch based deployment" date="2025-10-21T18:54:53.905" >
    <step title="Cleaning up temp folders from previous zip deployments and extracting pushed zip file /tmp/zipdeploy/15ae151a-2595-4e35-8f78-f0503c796b7a.zip (8.11 MB) to /tmp/zipdeploy/extracted" date="2025-10-21T18:54:55.058" >
      <step title="ChmodRecursive Process exited with total time taken in ms: 137" date="2025-10-21T18:54:57.591" /><!-- duration: 4ms -->
    </step><!-- duration: 2552ms -->
    <step title="Deployment timer started" date="2025-10-21T18:54:59.650" >
      <step title="DeploymentManager.Deploy(id:cde3d980-4cf1-48a6-b271-180faf994710)" date="2025-10-21T18:54:59.671" >
        <step title="Collecting changeset information" date="2025-10-21T18:54:59.714" /><!-- duration: 200ms -->
        <step title="Updating submodules" date="2025-10-21T18:54:59.924" /><!-- duration: 1269ms -->
        <step title="Determining deployment builder" date="2025-10-21T18:55:01.558" >
          <step title="Builder is BasicBuilder" date="2025-10-21T18:55:01.587" /><!-- duration: 12ms -->
        </step><!-- duration: 59ms -->
        <step title="PreDeployment: context.CleanOutputPath False" date="2025-10-21T18:55:01.675" >
          <step title="PreDeployment: context.OutputPath /home/site/wwwroot" date="2025-10-21T18:55:01.782" >
            <step title="Building" date="2025-10-21T18:55:02.083" >
              <step title="Executing external process" date="2025-10-21T18:55:03.027" type="process" path="starter.sh" arguments="/opt/Kudu/Scripts/absoluteTar.sh /tmp/zipdeploy/extracted/node_modules /tmp/zipdeploy/extracted/node_modules.tar.gz" /><!-- duration: 3649ms -->
              <step title="Executing external process" date="2025-10-21T18:55:06.952" type="process" path="starter.sh" arguments="/opt/Kudu/Scripts/parallel_rsync.sh /tmp/zipdeploy/extracted /home/site/wwwroot 8 /tmp/ False True node_modules " /><!-- duration: 8210ms -->
              <step title="Triggering recycle (preview mode disabled)." date="2025-10-21T18:55:15.828" /><!-- duration: 2ms -->
              <step title="Modified file to trigger a restart of the app container." date="2025-10-21T18:55:15.872" /><!-- duration: 9ms -->
              <step title="Skip function trigger and logicapp sync because function is not enabled." date="2025-10-21T18:55:15.891" /><!-- duration: 42ms -->
            </step><!-- duration: 14794ms -->
          </step><!-- duration: 15104ms -->
          <step title="Cleaning up temp files" date="2025-10-21T18:55:16.888" /><!-- duration: 2ms -->
          <step title="Cleaning up temp files" date="2025-10-21T18:55:16.905" /><!-- duration: 511ms -->
          <step title="Reloading status file with latest updates" date="2025-10-21T18:55:17.435" >
            <step title="WebHooksManager.PublishEventAsync: PostDeployment" date="2025-10-21T18:55:17.437" /><!-- duration: 60ms -->
          </step><!-- duration: 69ms -->
          <step title="Cleaning up temporary deployment - fetch deployment was successful" date="2025-10-21T18:55:17.507" /><!-- duration: 2ms -->
        </step><!-- duration: 15902ms -->
      </step><!-- duration: 17927ms -->
