<step title="BackgroundTrace" date="2025-10-21T19:16:08.265" instance="c8e42a" url="/api/zipdeploy" method="POST" >
  <step title="Creating temporary deployment - FetchDeploymentManager" date="2025-10-21T19:16:08.346" /><!-- duration: 1ms -->
  <step title="Creating temporary deployment" date="2025-10-21T19:16:08.349" /><!-- duration: 53ms -->
  <step title="Performing fetch based deployment" date="2025-10-21T19:16:08.434" >
    <step title="Cleaning up temp folders from previous zip deployments and extracting pushed zip file /tmp/zipdeploy/a25acc5a-ee9d-40e7-9290-c14b15531177.zip (8.11 MB) to /tmp/zipdeploy/extracted" date="2025-10-21T19:16:09.588" >
      <step title="ChmodRecursive Process exited with total time taken in ms: 101" date="2025-10-21T19:16:11.796" /><!-- duration: 5ms -->
    </step><!-- duration: 2218ms -->
    <step title="Deployment timer started" date="2025-10-21T19:16:13.823" >
      <step title="DeploymentManager.Deploy(id:ae034bfd-08fb-447b-a782-adb2041cee57)" date="2025-10-21T19:16:13.826" >
        <step title="Collecting changeset information" date="2025-10-21T19:16:13.830" /><!-- duration: 114ms -->
        <step title="Updating submodules" date="2025-10-21T19:16:13.965" /><!-- duration: 1118ms -->
        <step title="Determining deployment builder" date="2025-10-21T19:16:15.263" >
          <step title="Builder is BasicBuilder" date="2025-10-21T19:16:15.267" /><!-- duration: 7ms -->
        </step><!-- duration: 12ms -->
        <step title="PreDeployment: context.CleanOutputPath False" date="2025-10-21T19:16:15.358" >
          <step title="PreDeployment: context.OutputPath /home/site/wwwroot" date="2025-10-21T19:16:15.485" >
            <step title="Building" date="2025-10-21T19:16:15.610" >
              <step title="Executing external process" date="2025-10-21T19:16:16.126" type="process" path="starter.sh" arguments="/opt/Kudu/Scripts/absoluteTar.sh /tmp/zipdeploy/extracted/node_modules /tmp/zipdeploy/extracted/node_modules.tar.gz" /><!-- duration: 3663ms -->
              <step title="Executing external process" date="2025-10-21T19:16:20.033" type="process" path="starter.sh" arguments="/opt/Kudu/Scripts/parallel_rsync.sh /tmp/zipdeploy/extracted /home/site/wwwroot 8 /tmp/ False True node_modules " /><!-- duration: 7258ms -->
              <step title="Triggering recycle (preview mode disabled)." date="2025-10-21T19:16:27.949" /><!-- duration: 2ms -->
              <step title="Modified file to trigger a restart of the app container." date="2025-10-21T19:16:27.990" /><!-- duration: 2ms -->
              <step title="Skip function trigger and logicapp sync because function is not enabled." date="2025-10-21T19:16:27.994" /><!-- duration: 2ms -->
            </step><!-- duration: 13468ms -->
          </step><!-- duration: 13596ms -->
          <step title="Cleaning up temp files" date="2025-10-21T19:16:29.082" /><!-- duration: 2ms -->
          <step title="Cleaning up temp files" date="2025-10-21T19:16:29.085" /><!-- duration: 508ms -->
          <step title="Reloading status file with latest updates" date="2025-10-21T19:16:29.654" >
            <step title="WebHooksManager.PublishEventAsync: PostDeployment" date="2025-10-21T19:16:29.664" /><!-- duration: 58ms -->
          </step><!-- duration: 71ms -->
          <step title="Cleaning up temporary deployment - fetch deployment was successful" date="2025-10-21T19:16:29.735" /><!-- duration: 17ms -->
        </step><!-- duration: 14537ms -->
      </step><!-- duration: 16099ms -->
