<step title="BackgroundTrace" date="2025-10-21T18:17:38.670" instance="c8e42a" url="/api/zipdeploy" method="POST" >
  <step title="Creating temporary deployment - FetchDeploymentManager" date="2025-10-21T18:17:38.734" /><!-- duration: 1ms -->
  <step title="Creating temporary deployment" date="2025-10-21T18:17:38.739" /><!-- duration: 87ms -->
  <step title="Performing fetch based deployment" date="2025-10-21T18:17:38.866" >
    <step title="Cleaning up temp folders from previous zip deployments and extracting pushed zip file /tmp/zipdeploy/1365b954-df69-4d65-bed7-21338b33e089.zip (8.11 MB) to /tmp/zipdeploy/extracted" date="2025-10-21T18:17:40.264" >
      <step title="ChmodRecursive Process exited with total time taken in ms: 161" date="2025-10-21T18:17:42.983" /><!-- duration: 23ms -->
    </step><!-- duration: 2761ms -->
    <step title="Deployment timer started" date="2025-10-21T18:17:45.101" >
      <step title="DeploymentManager.Deploy(id:1bb0f0a5-dcfd-449d-81ee-2c8e2b4bf85a)" date="2025-10-21T18:17:45.122" >
        <step title="Collecting changeset information" date="2025-10-21T18:17:45.180" /><!-- duration: 172ms -->
        <step title="Updating submodules" date="2025-10-21T18:17:45.355" /><!-- duration: 1153ms -->
        <step title="Determining deployment builder" date="2025-10-21T18:17:46.719" >
          <step title="Builder is BasicBuilder" date="2025-10-21T18:17:46.733" /><!-- duration: 10ms -->
        </step><!-- duration: 26ms -->
        <step title="PreDeployment: context.CleanOutputPath False" date="2025-10-21T18:17:46.805" >
          <step title="PreDeployment: context.OutputPath /home/site/wwwroot" date="2025-10-21T18:17:46.919" >
            <step title="Building" date="2025-10-21T18:17:47.076" >
              <step title="Executing external process" date="2025-10-21T18:17:47.587" type="process" path="starter.sh" arguments="/opt/Kudu/Scripts/absoluteTar.sh /tmp/zipdeploy/extracted/node_modules /tmp/zipdeploy/extracted/node_modules.tar.gz" /><!-- duration: 3127ms -->
              <step title="Executing external process" date="2025-10-21T18:17:51.001" type="process" path="starter.sh" arguments="/opt/Kudu/Scripts/parallel_rsync.sh /tmp/zipdeploy/extracted /home/site/wwwroot 8 /tmp/ False True node_modules " /><!-- duration: 7423ms -->
              <step title="Triggering recycle (preview mode disabled)." date="2025-10-21T18:17:59.042" /><!-- duration: 2ms -->
              <step title="Modified file to trigger a restart of the app container." date="2025-10-21T18:17:59.081" /><!-- duration: 1ms -->
              <step title="Skip function trigger and logicapp sync because function is not enabled." date="2025-10-21T18:17:59.090" /><!-- duration: 9ms -->
            </step><!-- duration: 12783ms -->
          </step><!-- duration: 12946ms -->
          <step title="Cleaning up temp files" date="2025-10-21T18:17:59.867" /><!-- duration: 2ms -->
          <step title="Cleaning up temp files" date="2025-10-21T18:17:59.880" /><!-- duration: 512ms -->
          <step title="Reloading status file with latest updates" date="2025-10-21T18:18:00.421" >
            <step title="WebHooksManager.PublishEventAsync: PostDeployment" date="2025-10-21T18:18:00.424" /><!-- duration: 43ms -->
          </step><!-- duration: 47ms -->
          <step title="Cleaning up temporary deployment - fetch deployment was successful" date="2025-10-21T18:18:00.473" /><!-- duration: 2ms -->
        </step><!-- duration: 13732ms -->
      </step><!-- duration: 15422ms -->
