<step title="BackgroundTrace" date="2025-10-21T20:18:22.429" instance="c8e42a" url="/api/zipdeploy" method="POST" >
  <step title="Creating temporary deployment - FetchDeploymentManager" date="2025-10-21T20:18:22.469" /><!-- duration: 1ms -->
  <step title="Creating temporary deployment" date="2025-10-21T20:18:22.472" /><!-- duration: 57ms -->
  <step title="Performing fetch based deployment" date="2025-10-21T20:18:22.540" >
    <step title="Cleaning up temp folders from previous zip deployments and extracting pushed zip file /tmp/zipdeploy/fbafadf3-7b11-4b5e-8b72-b82107d0cb1d.zip (8.11 MB) to /tmp/zipdeploy/extracted" date="2025-10-21T20:18:23.672" >
      <step title="ChmodRecursive Process exited with total time taken in ms: 210" date="2025-10-21T20:18:25.816" /><!-- duration: 30ms -->
    </step><!-- duration: 2184ms -->
    <step title="Deployment timer started" date="2025-10-21T20:18:27.907" >
      <step title="DeploymentManager.Deploy(id:4d9dc277-437b-4be9-82d1-6e7a4b5ff6e2)" date="2025-10-21T20:18:27.911" >
        <step title="Collecting changeset information" date="2025-10-21T20:18:27.953" /><!-- duration: 91ms -->
        <step title="Updating submodules" date="2025-10-21T20:18:28.048" /><!-- duration: 1119ms -->
        <step title="Determining deployment builder" date="2025-10-21T20:18:29.381" >
          <step title="Builder is BasicBuilder" date="2025-10-21T20:18:29.398" /><!-- duration: 2ms -->
        </step><!-- duration: 25ms -->
        <step title="PreDeployment: context.CleanOutputPath False" date="2025-10-21T20:18:29.488" >
          <step title="PreDeployment: context.OutputPath /home/site/wwwroot" date="2025-10-21T20:18:29.590" >
            <step title="Building" date="2025-10-21T20:18:29.763" >
              <step title="Executing external process" date="2025-10-21T20:18:30.338" type="process" path="starter.sh" arguments="/opt/Kudu/Scripts/absoluteTar.sh /tmp/zipdeploy/extracted/node_modules /tmp/zipdeploy/extracted/node_modules.tar.gz" /><!-- duration: 3295ms -->
              <step title="Executing external process" date="2025-10-21T20:18:33.908" type="process" path="starter.sh" arguments="/opt/Kudu/Scripts/parallel_rsync.sh /tmp/zipdeploy/extracted /home/site/wwwroot 8 /tmp/ False True node_modules " /><!-- duration: 7166ms -->
              <step title="Triggering recycle (preview mode disabled)." date="2025-10-21T20:18:41.701" /><!-- duration: 9ms -->
              <step title="Modified file to trigger a restart of the app container." date="2025-10-21T20:18:41.740" /><!-- duration: 1ms -->
              <step title="Skip function trigger and logicapp sync because function is not enabled." date="2025-10-21T20:18:41.744" /><!-- duration: 8ms -->
              <step title="Purge deployment items" date="2025-10-21T20:18:42.864" >
                <step title="Remove ae034bfd-, Success, received at 10/21/2025 19:16:13" date="2025-10-21T20:18:42.916" /><!-- duration: 1ms -->
              </step><!-- duration: 55ms -->
            </step><!-- duration: 13218ms -->
          </step><!-- duration: 13394ms -->
          <step title="Cleaning up temp files" date="2025-10-21T20:18:42.988" /><!-- duration: 2ms -->
          <step title="Cleaning up temp files" date="2025-10-21T20:18:43.007" /><!-- duration: 511ms -->
          <step title="Reloading status file with latest updates" date="2025-10-21T20:18:43.535" >
            <step title="WebHooksManager.PublishEventAsync: PostDeployment" date="2025-10-21T20:18:43.536" /><!-- duration: 44ms -->
          </step><!-- duration: 47ms -->
          <step title="Cleaning up temporary deployment - fetch deployment was successful" date="2025-10-21T20:18:43.584" /><!-- duration: 1ms -->
        </step><!-- duration: 14151ms -->
      </step><!-- duration: 15750ms -->
