﻿<?xml version="1.0" encoding="utf-8"?>
<deployment>
  <id>b1d82363-3604-40da-a6fd-b7896450bf5e</id>
  <author>N/A</author>
  <deployer>Push-Deployer</deployer>
  <authorEmail>N/A</authorEmail>
  <message>Created via a push deployment</message>
  <progress></progress>
  <status>Success</status>
  <statusText></statusText>
  <lastSuccessEndTime>2025-10-21T21:01:07.5306495Z</lastSuccessEndTime>
  <receivedTime>2025-10-21T21:00:52.458514Z</receivedTime>
  <startTime>2025-10-21T21:00:53.7519773Z</startTime>
  <endTime>2025-10-21T21:01:07.5306495Z</endTime>
  <complete>True</complete>
  <is_temp>False</is_temp>
  <is_readonly>True</is_readonly>
  <buildSummary />
</deployment>