﻿<?xml version="1.0" encoding="utf-8"?>
<deployment>
  <id>1bb0f0a5-dcfd-449d-81ee-2c8e2b4bf85a</id>
  <author>N/A</author>
  <deployer>Push-Deployer</deployer>
  <authorEmail>N/A</authorEmail>
  <message>Created via a push deployment</message>
  <progress></progress>
  <status>Success</status>
  <statusText></statusText>
  <lastSuccessEndTime>2025-10-21T18:17:59.4667733Z</lastSuccessEndTime>
  <receivedTime>2025-10-21T18:17:45.2836678Z</receivedTime>
  <startTime>2025-10-21T18:17:46.6563997Z</startTime>
  <endTime>2025-10-21T18:17:59.4667733Z</endTime>
  <complete>True</complete>
  <is_temp>False</is_temp>
  <is_readonly>True</is_readonly>
  <buildSummary />
</deployment>