﻿<?xml version="1.0" encoding="utf-8"?>
<deployment>
  <id>8a716084-39de-4775-9b37-0de7d24af04e</id>
  <author>N/A</author>
  <deployer>Push-Deployer</deployer>
  <authorEmail>N/A</authorEmail>
  <message>Created via a push deployment</message>
  <progress></progress>
  <status>Success</status>
  <statusText></statusText>
  <lastSuccessEndTime>2025-10-21T18:05:51.6051792Z</lastSuccessEndTime>
  <receivedTime>2025-10-21T18:05:37.6448343Z</receivedTime>
  <startTime>2025-10-21T18:05:39.030423Z</startTime>
  <endTime>2025-10-21T18:05:51.6051792Z</endTime>
  <complete>True</complete>
  <is_temp>False</is_temp>
  <is_readonly>True</is_readonly>
  <buildSummary />
</deployment>