﻿<?xml version="1.0" encoding="utf-8"?>
<deployment>
  <id>a0a40a9c-40a5-447e-9928-8bccf2028d94</id>
  <author>N/A</author>
  <deployer>Push-Deployer</deployer>
  <authorEmail>N/A</authorEmail>
  <message>Created via a push deployment</message>
  <progress></progress>
  <status>Success</status>
  <statusText></statusText>
  <lastSuccessEndTime>2025-10-21T16:00:20.6901766Z</lastSuccessEndTime>
  <receivedTime>2025-10-21T16:00:00.2988152Z</receivedTime>
  <startTime>2025-10-21T16:00:02.2701559Z</startTime>
  <endTime>2025-10-21T16:00:20.6901766Z</endTime>
  <complete>True</complete>
  <is_temp>False</is_temp>
  <is_readonly>True</is_readonly>
  <buildSummary />
</deployment>