﻿<?xml version="1.0" encoding="utf-8"?>
<deployment>
  <id>658dedff-e425-40a6-acf3-74c41e98d02e</id>
  <author>N/A</author>
  <deployer>Push-Deployer</deployer>
  <authorEmail>N/A</authorEmail>
  <message>Created via a push deployment</message>
  <progress></progress>
  <status>Success</status>
  <statusText></statusText>
  <lastSuccessEndTime>2025-10-21T20:56:11.6145721Z</lastSuccessEndTime>
  <receivedTime>2025-10-21T20:55:55.6149476Z</receivedTime>
  <startTime>2025-10-21T20:55:56.9408143Z</startTime>
  <endTime>2025-10-21T20:56:11.6145721Z</endTime>
  <complete>True</complete>
  <is_temp>False</is_temp>
  <is_readonly>True</is_readonly>
  <buildSummary />
</deployment>