﻿<?xml version="1.0" encoding="utf-8"?>
<deployment>
  <id>2de3795b-f56b-4579-9f34-8f06d083f766</id>
  <author>N/A</author>
  <deployer>Push-Deployer</deployer>
  <authorEmail>N/A</authorEmail>
  <message>Created via a push deployment</message>
  <progress></progress>
  <status>Success</status>
  <statusText></statusText>
  <lastSuccessEndTime>2025-10-22T04:02:44.0969871Z</lastSuccessEndTime>
  <receivedTime>2025-10-22T04:02:30.1214063Z</receivedTime>
  <startTime>2025-10-22T04:02:31.4845498Z</startTime>
  <endTime>2025-10-22T04:02:44.0969871Z</endTime>
  <complete>True</complete>
  <is_temp>False</is_temp>
  <is_readonly>True</is_readonly>
  <buildSummary />
</deployment>